[2026-07-25 22:01:32.263] [INFO   ] [INIT   ] [ModLogger.cpp:0 (Initialize)] ========== manual-trans-w-clutch session start ==========
[2026-07-25 22:01:32.263] [INFO   ] [INIT   ] [DllMain.cpp:29 (DllMain)] DLL_PROCESS_ATTACH — registering ScriptMain with ScriptHookV
[2026-07-25 22:02:36.895] [INFO   ] [SCRIPT ] [MainScript.cpp:147 (ScriptMain)] ScriptMain started — waiting for player ped...
[2026-07-25 22:02:37.959] [INFO   ] [SCRIPT ] [MainScript.cpp:156 (ScriptMain)] Player ped ready. Initializing VehicleData...
[2026-07-25 22:02:37.959] [INFO   ] [INIT   ] [VehicleData.cpp:273 (VehicleData::Initialize)] VehicleData::Initialize — trying AOB pattern scan...
[2026-07-25 22:02:38.113] [WARN   ] [INIT   ] [VehicleData.cpp:286 (VehicleData::Initialize)] AOB failed (Could not find Gear pattern.). Trying INI fallback...
[2026-07-25 22:02:38.114] [INFO   ] [MEMORY ] [VehicleData.cpp:214 (VehicleData::LoadOffsetsFromIni)] INI versioned section [Offsets.1.0.1013.20] loaded
[2026-07-25 22:02:38.114] [INFO   ] [INIT   ] [VehicleData.cpp:293 (VehicleData::Initialize)] INI fallback OK — G=0x882 N=0x880 RPM=0x8C8 CLT=0x8CC
[2026-07-25 22:02:38.114] [INFO   ] [SCRIPT ] [MainScript.cpp:166 (ScriptMain)] VehicleData::Initialize OK. Reading config...
[2026-07-25 22:02:38.116] [INFO   ] [SCRIPT ] [MainScript.cpp:172 (ScriptMain)] Config loaded. Verbose logging: ON
[2026-07-25 22:02:38.125] [INFO   ] [INIT   ] [MainScript.cpp:239 (ScriptMain)] Mod active — src=INI build=1.0.1013.20 G=0x882 N=0x880 RPM=0x8C8 CLT=0x8CC
[2026-07-25 22:02:38.126] [INFO   ] [SCRIPT ] [MainScript.cpp:250 (ScriptMain)] Entered vehicle handle=1026 maxGear=5
[2026-07-25 22:02:38.126] [INFO   ] [SCRIPT ] [MainScript.cpp:259 (ScriptMain)] Cold start required — engine forced OFF for vehicle 1026
[2026-07-25 22:02:38.625] [VERBOSE] [SCRIPT ] [MainScript.cpp:297 (ScriptMain)] Engine mismatch corrected: we=OFF game=ON → forcing OFF
[2026-07-25 22:02:38.625] [INFO   ] [GEAR   ] [MainScript.cpp:439 (ScriptMain)] STATUS: Selected=0 MemGear=1 Next=1 PedalClutch=0.000 ClutchKey=0 DriveCoupling=0.000 ClutchCandidateRO=0.015 InputThrottle=0.000 Brake=0.000 NativeRPM=0.030 SpeedKmH=21.8 SignedMps=6.06 | TCS=0.00 ABS=0.00 | Sig=0 Rev=0
[2026-07-25 22:02:39.175] [VERBOSE] [SCRIPT ] [MainScript.cpp:297 (ScriptMain)] Engine mismatch corrected: we=OFF game=ON → forcing OFF
[2026-07-25 22:02:39.617] [VERBOSE] [SCRIPT ] [MainScript.cpp:297 (ScriptMain)] Engine mismatch corrected: we=OFF game=ON → forcing OFF
[2026-07-25 22:02:39.648] [INFO   ] [GEAR   ] [MainScript.cpp:439 (ScriptMain)] STATUS: Selected=0 MemGear=255 Next=255 PedalClutch=0.000 ClutchKey=0 DriveCoupling=0.000 ClutchCandidateRO=0.000 InputThrottle=0.000 Brake=0.000 NativeRPM=0.000 SpeedKmH=8.7 SignedMps=2.42 | TCS=0.00 ABS=0.00 | Sig=0 Rev=0
[2026-07-25 22:02:40.215] [VERBOSE] [SCRIPT ] [MainScript.cpp:297 (ScriptMain)] Engine mismatch corrected: we=OFF game=ON → forcing OFF
[2026-07-25 22:02:40.677] [INFO   ] [GEAR   ] [MainScript.cpp:439 (ScriptMain)] STATUS: Selected=0 MemGear=255 Next=255 PedalClutch=1.000 ClutchKey=1 DriveCoupling=0.000 ClutchCandidateRO=0.000 InputThrottle=0.000 Brake=0.601 NativeRPM=0.016 SpeedKmH=0.0 SignedMps=0.00 | TCS=0.00 ABS=0.00 | Sig=0 Rev=0
[2026-07-25 22:02:41.011] [INFO   ] [SCRIPT ] [MainScript.cpp:292 (ScriptMain)] Engine key → ON
[2026-07-25 22:02:41.694] [INFO   ] [GEAR   ] [MainScript.cpp:439 (ScriptMain)] STATUS: Selected=0 MemGear=255 Next=255 PedalClutch=1.000 ClutchKey=1 DriveCoupling=0.000 ClutchCandidateRO=0.200 InputThrottle=1.000 Brake=0.138 NativeRPM=0.200 SpeedKmH=0.0 SignedMps=-0.00 | TCS=0.00 ABS=0.00 | Sig=0 Rev=0
[2026-07-25 22:02:42.703] [INFO   ] [GEAR   ] [MainScript.cpp:439 (ScriptMain)] STATUS: Selected=0 MemGear=255 Next=255 PedalClutch=1.000 ClutchKey=0 DriveCoupling=0.000 ClutchCandidateRO=0.522 InputThrottle=0.000 Brake=0.035 NativeRPM=0.538 SpeedKmH=0.0 SignedMps=0.00 | TCS=0.00 ABS=0.00 | Sig=0 Rev=0
[2026-07-25 22:02:43.719] [INFO   ] [GEAR   ] [MainScript.cpp:439 (ScriptMain)] STATUS: Selected=0 MemGear=255 Next=255 PedalClutch=0.007 ClutchKey=0 DriveCoupling=0.000 ClutchCandidateRO=0.200 InputThrottle=1.000 Brake=0.009 NativeRPM=0.200 SpeedKmH=0.0 SignedMps=-0.01 | TCS=0.00 ABS=0.00 | Sig=0 Rev=0
[2026-07-25 22:02:44.734] [INFO   ] [GEAR   ] [MainScript.cpp:439 (ScriptMain)] STATUS: Selected=0 MemGear=255 Next=255 PedalClutch=0.000 ClutchKey=0 DriveCoupling=0.000 ClutchCandidateRO=0.264 InputThrottle=0.000 Brake=0.002 NativeRPM=0.280 SpeedKmH=0.0 SignedMps=0.01 | TCS=0.00 ABS=0.00 | Sig=0 Rev=0
[2026-07-25 22:02:45.746] [INFO   ] [GEAR   ] [MainScript.cpp:439 (ScriptMain)] STATUS: Selected=0 MemGear=255 Next=255 PedalClutch=0.000 ClutchKey=0 DriveCoupling=0.000 ClutchCandidateRO=0.231 InputThrottle=1.000 Brake=0.001 NativeRPM=0.247 SpeedKmH=0.0 SignedMps=0.00 | TCS=0.00 ABS=0.00 | Sig=0 Rev=0
[2026-07-25 22:02:46.764] [INFO   ] [GEAR   ] [MainScript.cpp:439 (ScriptMain)] STATUS: Selected=0 MemGear=255 Next=255 PedalClutch=0.000 ClutchKey=0 DriveCoupling=0.000 ClutchCandidateRO=0.200 InputThrottle=0.000 Brake=0.000 NativeRPM=0.200 SpeedKmH=0.0 SignedMps=0.00 | TCS=0.00 ABS=0.00 | Sig=0 Rev=0
[2026-07-25 22:02:47.779] [INFO   ] [GEAR   ] [MainScript.cpp:439 (ScriptMain)] STATUS: Selected=1 MemGear=255 Next=255 PedalClutch=1.000 ClutchKey=1 DriveCoupling=0.000 ClutchCandidateRO=0.200 InputThrottle=1.000 Brake=0.000 NativeRPM=0.200 SpeedKmH=0.2 SignedMps=-0.04 | TCS=0.00 ABS=0.00 | Sig=0 Rev=0
[2026-07-25 22:02:48.794] [INFO   ] [GEAR   ] [MainScript.cpp:439 (ScriptMain)] STATUS: Selected=1 MemGear=255 Next=255 PedalClutch=1.000 ClutchKey=0 DriveCoupling=0.000 ClutchCandidateRO=0.200 InputThrottle=1.000 Brake=0.000 NativeRPM=0.200 SpeedKmH=0.4 SignedMps=-0.10 | TCS=0.00 ABS=0.00 | Sig=0 Rev=0
[2026-07-25 22:02:49.487] [INFO   ] [GEAR   ] [GearLogic.cpp:159 (GearLogic::ApplyToMemory)] NATIVE_SHIFT_REQUEST: from=0 to=1 rpm=0.200 clutch=0.418 windowMs=240
[2026-07-25 22:02:49.806] [INFO   ] [GEAR   ] [MainScript.cpp:439 (ScriptMain)] STATUS: Selected=1 MemGear=255 Next=0 PedalClutch=1.000 ClutchKey=1 DriveCoupling=0.000 ClutchCandidateRO=0.279 InputThrottle=0.000 Brake=0.167 NativeRPM=0.294 SpeedKmH=0.2 SignedMps=-0.05 | TCS=0.00 ABS=0.00 | Sig=0 Rev=0
[2026-07-25 22:02:50.823] [INFO   ] [GEAR   ] [MainScript.cpp:439 (ScriptMain)] STATUS: Selected=-1 MemGear=255 Next=255 PedalClutch=1.000 ClutchKey=1 DriveCoupling=0.000 ClutchCandidateRO=0.200 InputThrottle=0.000 Brake=0.077 NativeRPM=0.200 SpeedKmH=0.0 SignedMps=0.00 | TCS=0.00 ABS=0.00 | Sig=0 Rev=1
[2026-07-25 22:02:51.837] [INFO   ] [GEAR   ] [MainScript.cpp:439 (ScriptMain)] STATUS: Selected=-1 MemGear=255 Next=255 PedalClutch=1.000 ClutchKey=0 DriveCoupling=0.000 ClutchCandidateRO=0.200 InputThrottle=1.000 Brake=0.019 NativeRPM=0.200 SpeedKmH=0.0 SignedMps=0.00 | TCS=0.00 ABS=0.00 | Sig=0 Rev=1
[2026-07-25 22:02:52.192] [INFO   ] [GEAR   ] [GearLogic.cpp:159 (GearLogic::ApplyToMemory)] NATIVE_SHIFT_REQUEST: from=0 to=-1 rpm=0.200 clutch=0.444 windowMs=240
[2026-07-25 22:02:52.858] [INFO   ] [GEAR   ] [MainScript.cpp:439 (ScriptMain)] STATUS: Selected=-1 MemGear=255 Next=255 PedalClutch=1.000 ClutchKey=1 DriveCoupling=0.000 ClutchCandidateRO=0.200 InputThrottle=1.000 Brake=0.005 NativeRPM=0.200 SpeedKmH=0.0 SignedMps=0.00 | TCS=0.00 ABS=0.00 | Sig=0 Rev=1
[2026-07-25 22:02:53.244] [INFO   ] [SCRIPT ] [MainScript.cpp:292 (ScriptMain)] Engine key → OFF
[2026-07-25 22:02:53.666] [INFO   ] [SCRIPT ] [MainScript.cpp:292 (ScriptMain)] Engine key → ON
[2026-07-25 22:02:53.877] [INFO   ] [GEAR   ] [MainScript.cpp:439 (ScriptMain)] STATUS: Selected=-1 MemGear=255 Next=255 PedalClutch=1.000 ClutchKey=1 DriveCoupling=0.000 ClutchCandidateRO=0.200 InputThrottle=0.000 Brake=0.001 NativeRPM=0.200 SpeedKmH=0.0 SignedMps=0.00 | TCS=0.00 ABS=0.00 | Sig=0 Rev=1
[2026-07-25 22:02:54.898] [INFO   ] [GEAR   ] [MainScript.cpp:439 (ScriptMain)] STATUS: Selected=-1 MemGear=255 Next=255 PedalClutch=1.000 ClutchKey=1 DriveCoupling=0.000 ClutchCandidateRO=0.200 InputThrottle=1.000 Brake=0.000 NativeRPM=0.200 SpeedKmH=0.0 SignedMps=0.00 | TCS=0.00 ABS=0.00 | Sig=0 Rev=1
[2026-07-25 22:02:55.904] [INFO   ] [GEAR   ] [MainScript.cpp:439 (ScriptMain)] STATUS: Selected=-1 MemGear=255 Next=255 PedalClutch=1.000 ClutchKey=1 DriveCoupling=0.000 ClutchCandidateRO=0.200 InputThrottle=1.000 Brake=0.000 NativeRPM=0.200 SpeedKmH=0.0 SignedMps=0.00 | TCS=0.00 ABS=0.00 | Sig=0 Rev=1
[2026-07-25 22:02:56.915] [INFO   ] [GEAR   ] [MainScript.cpp:439 (ScriptMain)] STATUS: Selected=-1 MemGear=255 Next=0 PedalClutch=0.640 ClutchKey=0 DriveCoupling=0.291 ClutchCandidateRO=0.200 InputThrottle=1.000 Brake=0.000 NativeRPM=0.200 SpeedKmH=0.0 SignedMps=-0.00 | TCS=0.00 ABS=0.00 | Sig=0 Rev=1
[2026-07-25 22:02:57.930] [INFO   ] [GEAR   ] [MainScript.cpp:439 (ScriptMain)] STATUS: Selected=-1 MemGear=0 Next=0 PedalClutch=0.000 ClutchKey=0 DriveCoupling=1.000 ClutchCandidateRO=0.200 InputThrottle=0.000 Brake=0.000 NativeRPM=0.200 SpeedKmH=4.4 SignedMps=-1.23 | TCS=0.00 ABS=0.00 | Sig=0 Rev=1
[2026-07-25 22:02:58.961] [INFO   ] [GEAR   ] [MainScript.cpp:439 (ScriptMain)] STATUS: Selected=-1 MemGear=0 Next=0 PedalClutch=0.000 ClutchKey=0 DriveCoupling=1.000 ClutchCandidateRO=0.361 InputThrottle=1.000 Brake=0.000 NativeRPM=0.362 SpeedKmH=4.3 SignedMps=-1.20 | TCS=0.00 ABS=0.00 | Sig=0 Rev=1
[2026-07-25 22:02:59.963] [INFO   ] [GEAR   ] [MainScript.cpp:439 (ScriptMain)] STATUS: Selected=1 MemGear=255 Next=255 PedalClutch=1.000 ClutchKey=1 DriveCoupling=0.000 ClutchCandidateRO=0.200 InputThrottle=0.000 Brake=0.000 NativeRPM=0.200 SpeedKmH=0.0 SignedMps=0.01 | TCS=0.00 ABS=0.00 | Sig=0 Rev=0
[2026-07-25 22:03:00.100] [INFO   ] [GEAR   ] [GearLogic.cpp:159 (GearLogic::ApplyToMemory)] NATIVE_SHIFT_REQUEST: from=0 to=1 rpm=0.200 clutch=0.439 windowMs=240
[2026-07-25 22:03:00.982] [INFO   ] [GEAR   ] [MainScript.cpp:439 (ScriptMain)] STATUS: Selected=1 MemGear=1 Next=1 PedalClutch=0.000 ClutchKey=0 DriveCoupling=1.000 ClutchCandidateRO=0.469 InputThrottle=0.000 Brake=0.000 NativeRPM=0.453 SpeedKmH=10.0 SignedMps=2.77 | TCS=0.00 ABS=0.00 | Sig=0 Rev=0
[2026-07-25 22:03:02.007] [INFO   ] [GEAR   ] [MainScript.cpp:439 (ScriptMain)] STATUS: Selected=1 MemGear=1 Next=1 PedalClutch=0.237 ClutchKey=0 DriveCoupling=0.739 ClutchCandidateRO=0.200 InputThrottle=0.000 Brake=0.000 NativeRPM=0.200 SpeedKmH=0.0 SignedMps=-0.01 | TCS=0.00 ABS=0.00 | Sig=0 Rev=0
[2026-07-25 22:03:03.015] [INFO   ] [GEAR   ] [MainScript.cpp:439 (ScriptMain)] STATUS: Selected=1 MemGear=1 Next=1 PedalClutch=0.000 ClutchKey=0 DriveCoupling=1.000 ClutchCandidateRO=0.409 InputThrottle=1.000 Brake=0.000 NativeRPM=0.414 SpeedKmH=12.0 SignedMps=3.33 | TCS=0.00 ABS=0.00 | Sig=0 Rev=0
[2026-07-25 22:03:04.024] [INFO   ] [GEAR   ] [MainScript.cpp:439 (ScriptMain)] STATUS: Selected=1 MemGear=1 Next=1 PedalClutch=0.000 ClutchKey=0 DriveCoupling=1.000 ClutchCandidateRO=0.405 InputThrottle=1.000 Brake=0.000 NativeRPM=0.387 SpeedKmH=7.8 SignedMps=2.14 | TCS=0.00 ABS=0.00 | Sig=0 Rev=0
[2026-07-25 22:03:04.641] [INFO   ] [GEAR   ] [GearLogic.cpp:159 (GearLogic::ApplyToMemory)] NATIVE_SHIFT_REQUEST: from=1 to=2 rpm=0.200 clutch=0.000 windowMs=240
[2026-07-25 22:03:05.052] [INFO   ] [GEAR   ] [MainScript.cpp:439 (ScriptMain)] STATUS: Selected=2 MemGear=2 Next=2 PedalClutch=0.000 ClutchKey=0 DriveCoupling=1.000 ClutchCandidateRO=0.200 InputThrottle=0.000 Brake=0.000 NativeRPM=0.200 SpeedKmH=0.0 SignedMps=0.00 | TCS=0.00 ABS=0.00 | Sig=0 Rev=0
[2026-07-25 22:03:06.065] [INFO   ] [GEAR   ] [MainScript.cpp:439 (ScriptMain)] STATUS: Selected=2 MemGear=2 Next=1 PedalClutch=0.000 ClutchKey=0 DriveCoupling=1.000 ClutchCandidateRO=0.904 InputThrottle=1.000 Brake=0.000 NativeRPM=0.904 SpeedKmH=2.0 SignedMps=0.57 | TCS=0.00 ABS=0.00 | Sig=0 Rev=0
[2026-07-25 22:03:07.082] [INFO   ] [GEAR   ] [MainScript.cpp:439 (ScriptMain)] STATUS: Selected=2 MemGear=2 Next=2 PedalClutch=0.000 ClutchKey=0 DriveCoupling=1.000 ClutchCandidateRO=0.367 InputThrottle=0.000 Brake=0.000 NativeRPM=0.351 SpeedKmH=0.0 SignedMps=-0.01 | TCS=0.00 ABS=0.00 | Sig=0 Rev=0
[2026-07-25 22:03:08.096] [INFO   ] [GEAR   ] [MainScript.cpp:439 (ScriptMain)] STATUS: Selected=2 MemGear=255 Next=255 PedalClutch=1.000 ClutchKey=0 DriveCoupling=0.000 ClutchCandidateRO=0.200 InputThrottle=1.000 Brake=0.000 NativeRPM=0.200 SpeedKmH=0.0 SignedMps=-0.01 | TCS=0.00 ABS=0.00 | Sig=0 Rev=0
[2026-07-25 22:03:09.117] [INFO   ] [GEAR   ] [MainScript.cpp:439 (ScriptMain)] STATUS: Selected=2 MemGear=2 Next=1 PedalClutch=0.000 ClutchKey=0 DriveCoupling=1.000 ClutchCandidateRO=0.871 InputThrottle=1.000 Brake=0.000 NativeRPM=0.888 SpeedKmH=1.9 SignedMps=0.52 | TCS=0.00 ABS=0.00 | Sig=0 Rev=0
[2026-07-25 22:03:10.130] [INFO   ] [GEAR   ] [MainScript.cpp:439 (ScriptMain)] STATUS: Selected=1 MemGear=255 Next=255 PedalClutch=1.000 ClutchKey=1 DriveCoupling=0.000 ClutchCandidateRO=0.732 InputThrottle=0.000 Brake=0.000 NativeRPM=0.715 SpeedKmH=3.2 SignedMps=0.88 | TCS=0.00 ABS=0.00 | Sig=0 Rev=0
[2026-07-25 22:03:10.178] [INFO   ] [GEAR   ] [GearLogic.cpp:159 (GearLogic::ApplyToMemory)] NATIVE_SHIFT_REQUEST: from=2 to=1 rpm=0.667 clutch=0.000 windowMs=240
[2026-07-25 22:03:11.144] [INFO   ] [GEAR   ] [MainScript.cpp:439 (ScriptMain)] STATUS: Selected=1 MemGear=1 Next=1 PedalClutch=0.000 ClutchKey=0 DriveCoupling=1.000 ClutchCandidateRO=0.682 InputThrottle=1.000 Brake=0.000 NativeRPM=0.695 SpeedKmH=13.5 SignedMps=3.60 | TCS=0.00 ABS=0.00 | Sig=0 Rev=0
[2026-07-25 22:03:12.162] [INFO   ] [GEAR   ] [MainScript.cpp:439 (ScriptMain)] STATUS: Selected=1 MemGear=1 Next=1 PedalClutch=0.000 ClutchKey=0 DriveCoupling=1.000 ClutchCandidateRO=0.516 InputThrottle=1.000 Brake=0.000 NativeRPM=0.501 SpeedKmH=26.3 SignedMps=7.18 | TCS=0.00 ABS=0.00 | Sig=0 Rev=0
[2026-07-25 22:03:13.178] [INFO   ] [GEAR   ] [MainScript.cpp:439 (ScriptMain)] STATUS: Selected=1 MemGear=1 Next=2 PedalClutch=0.000 ClutchKey=0 DriveCoupling=1.000 ClutchCandidateRO=0.945 InputThrottle=1.000 Brake=0.000 NativeRPM=0.925 SpeedKmH=42.7 SignedMps=11.85 | TCS=0.00 ABS=0.00 | Sig=0 Rev=0
[2026-07-25 22:03:14.196] [INFO   ] [GEAR   ] [MainScript.cpp:439 (ScriptMain)] STATUS: Selected=1 MemGear=1 Next=2 PedalClutch=0.000 ClutchKey=0 DriveCoupling=1.000 ClutchCandidateRO=0.967 InputThrottle=1.000 Brake=0.000 NativeRPM=0.949 SpeedKmH=43.1 SignedMps=11.96 | TCS=0.00 ABS=0.00 | Sig=0 Rev=0
[2026-07-25 22:03:14.394] [INFO   ] [GEAR   ] [GearLogic.cpp:159 (GearLogic::ApplyToMemory)] NATIVE_SHIFT_REQUEST: from=1 to=2 rpm=0.859 clutch=0.000 windowMs=240
[2026-07-25 22:03:15.225] [INFO   ] [GEAR   ] [MainScript.cpp:439 (ScriptMain)] STATUS: Selected=2 MemGear=2 Next=2 PedalClutch=0.000 ClutchKey=0 DriveCoupling=1.000 ClutchCandidateRO=0.591 InputThrottle=1.000 Brake=0.000 NativeRPM=0.595 SpeedKmH=52.9 SignedMps=14.71 | TCS=0.00 ABS=0.00 | Sig=0 Rev=0
[2026-07-25 22:03:16.242] [INFO   ] [GEAR   ] [MainScript.cpp:439 (ScriptMain)] STATUS: Selected=2 MemGear=2 Next=2 PedalClutch=0.000 ClutchKey=0 DriveCoupling=1.000 ClutchCandidateRO=0.825 InputThrottle=1.000 Brake=0.000 NativeRPM=0.828 SpeedKmH=74.4 SignedMps=20.65 | TCS=0.00 ABS=0.00 | Sig=0 Rev=0
[2026-07-25 22:03:17.205] [INFO   ] [GEAR   ] [GearLogic.cpp:159 (GearLogic::ApplyToMemory)] NATIVE_SHIFT_REQUEST: from=2 to=3 rpm=0.844 clutch=0.000 windowMs=240
[2026-07-25 22:03:17.260] [INFO   ] [GEAR   ] [MainScript.cpp:439 (ScriptMain)] STATUS: Selected=3 MemGear=3 Next=3 PedalClutch=0.000 ClutchKey=0 DriveCoupling=1.000 ClutchCandidateRO=0.806 InputThrottle=0.000 Brake=0.000 NativeRPM=0.789 SpeedKmH=85.3 SignedMps=23.69 | TCS=0.00 ABS=0.00 | Sig=0 Rev=0
[2026-07-25 22:03:18.285] [INFO   ] [GEAR   ] [MainScript.cpp:439 (ScriptMain)] STATUS: Selected=3 MemGear=3 Next=3 PedalClutch=0.000 ClutchKey=0 DriveCoupling=1.000 ClutchCandidateRO=0.749 InputThrottle=0.001 Brake=0.000 NativeRPM=0.745 SpeedKmH=95.7 SignedMps=26.57 | TCS=0.00 ABS=0.00 | Sig=0 Rev=0
[2026-07-25 22:03:18.501] [INFO   ] [GEAR   ] [GearLogic.cpp:159 (GearLogic::ApplyToMemory)] NATIVE_SHIFT_REQUEST: from=3 to=2 rpm=0.647 clutch=0.000 windowMs=240
[2026-07-25 22:03:19.303] [INFO   ] [GEAR   ] [MainScript.cpp:439 (ScriptMain)] STATUS: Selected=2 MemGear=2 Next=2 PedalClutch=0.000 ClutchKey=0 DriveCoupling=1.000 ClutchCandidateRO=0.355 InputThrottle=1.000 Brake=0.000 NativeRPM=0.372 SpeedKmH=86.5 SignedMps=24.03 | TCS=0.00 ABS=0.00 | Sig=0 Rev=0
[2026-07-25 22:03:20.320] [INFO   ] [GEAR   ] [MainScript.cpp:439 (ScriptMain)] STATUS: Selected=2 MemGear=2 Next=2 PedalClutch=0.000 ClutchKey=0 DriveCoupling=1.000 ClutchCandidateRO=0.623 InputThrottle=1.000 Brake=0.000 NativeRPM=0.638 SpeedKmH=86.1 SignedMps=23.91 | TCS=0.00 ABS=0.00 | Sig=0 Rev=0
[2026-07-25 22:03:21.327] [INFO   ] [GEAR   ] [MainScript.cpp:439 (ScriptMain)] STATUS: Selected=2 MemGear=2 Next=2 PedalClutch=0.000 ClutchKey=0 DriveCoupling=1.000 ClutchCandidateRO=0.854 InputThrottle=0.000 Brake=0.000 NativeRPM=0.851 SpeedKmH=76.8 SignedMps=21.32 | TCS=0.00 ABS=0.00 | Sig=0 Rev=0
[2026-07-25 22:03:22.347] [INFO   ] [GEAR   ] [MainScript.cpp:439 (ScriptMain)] STATUS: Selected=2 MemGear=2 Next=2 PedalClutch=0.000 ClutchKey=0 DriveCoupling=1.000 ClutchCandidateRO=0.810 InputThrottle=0.000 Brake=0.000 NativeRPM=0.806 SpeedKmH=73.2 SignedMps=20.32 | TCS=0.00 ABS=0.00 | Sig=0 Rev=0
[2026-07-25 22:03:23.370] [INFO   ] [GEAR   ] [MainScript.cpp:439 (ScriptMain)] STATUS: Selected=2 MemGear=2 Next=2 PedalClutch=0.000 ClutchKey=0 DriveCoupling=1.000 ClutchCandidateRO=0.588 InputThrottle=1.000 Brake=0.000 NativeRPM=0.587 SpeedKmH=52.1 SignedMps=14.48 | TCS=0.00 ABS=0.00 | Sig=0 Rev=0
[2026-07-25 22:03:24.387] [INFO   ] [GEAR   ] [MainScript.cpp:439 (ScriptMain)] STATUS: Selected=2 MemGear=2 Next=2 PedalClutch=0.000 ClutchKey=0 DriveCoupling=1.000 ClutchCandidateRO=0.708 InputThrottle=1.000 Brake=0.000 NativeRPM=0.709 SpeedKmH=63.9 SignedMps=17.75 | TCS=0.00 ABS=0.00 | Sig=0 Rev=0
[2026-07-25 22:03:25.417] [INFO   ] [GEAR   ] [MainScript.cpp:439 (ScriptMain)] STATUS: Selected=2 MemGear=2 Next=2 PedalClutch=0.000 ClutchKey=0 DriveCoupling=1.000 ClutchCandidateRO=0.678 InputThrottle=0.000 Brake=0.000 NativeRPM=0.674 SpeedKmH=61.2 SignedMps=17.00 | TCS=0.00 ABS=0.00 | Sig=0 Rev=0
[2026-07-25 22:03:26.436] [INFO   ] [GEAR   ] [MainScript.cpp:439 (ScriptMain)] STATUS: Selected=2 MemGear=2 Next=2 PedalClutch=0.000 ClutchKey=0 DriveCoupling=1.000 ClutchCandidateRO=0.847 InputThrottle=1.000 Brake=0.000 NativeRPM=0.849 SpeedKmH=76.3 SignedMps=21.19 | TCS=0.00 ABS=0.00 | Sig=0 Rev=0
[2026-07-25 22:03:27.458] [INFO   ] [GEAR   ] [MainScript.cpp:439 (ScriptMain)] STATUS: Selected=2 MemGear=2 Next=2 PedalClutch=0.000 ClutchKey=0 DriveCoupling=1.000 ClutchCandidateRO=0.862 InputThrottle=1.000 Brake=0.000 NativeRPM=0.846 SpeedKmH=86.4 SignedMps=23.99 | TCS=0.00 ABS=0.00 | Sig=0 Rev=0
[2026-07-25 22:03:27.634] [INFO   ] [GEAR   ] [GearLogic.cpp:159 (GearLogic::ApplyToMemory)] NATIVE_SHIFT_REQUEST: from=2 to=3 rpm=0.669 clutch=0.000 windowMs=240
[2026-07-25 22:03:28.474] [INFO   ] [GEAR   ] [MainScript.cpp:439 (ScriptMain)] STATUS: Selected=3 MemGear=3 Next=3 PedalClutch=0.000 ClutchKey=0 DriveCoupling=1.000 ClutchCandidateRO=0.711 InputThrottle=1.000 Brake=0.000 NativeRPM=0.711 SpeedKmH=90.6 SignedMps=25.17 | TCS=0.00 ABS=0.00 | Sig=0 Rev=0
[2026-07-25 22:03:29.482] [INFO   ] [GEAR   ] [MainScript.cpp:439 (ScriptMain)] STATUS: Selected=3 MemGear=3 Next=3 PedalClutch=0.000 ClutchKey=0 DriveCoupling=1.000 ClutchCandidateRO=0.773 InputThrottle=1.000 Brake=0.000 NativeRPM=0.773 SpeedKmH=98.4 SignedMps=27.34 | TCS=0.00 ABS=0.00 | Sig=0 Rev=0
[2026-07-25 22:03:30.502] [INFO   ] [GEAR   ] [MainScript.cpp:439 (ScriptMain)] STATUS: Selected=3 MemGear=3 Next=3 PedalClutch=0.000 ClutchKey=0 DriveCoupling=1.000 ClutchCandidateRO=0.864 InputThrottle=1.000 Brake=0.000 NativeRPM=0.866 SpeedKmH=108.6 SignedMps=30.16 | TCS=0.00 ABS=0.00 | Sig=0 Rev=0
[2026-07-25 22:03:31.510] [INFO   ] [GEAR   ] [MainScript.cpp:439 (ScriptMain)] STATUS: Selected=3 MemGear=3 Next=3 PedalClutch=0.000 ClutchKey=0 DriveCoupling=1.000 ClutchCandidateRO=0.918 InputThrottle=1.000 Brake=0.000 NativeRPM=0.918 SpeedKmH=116.9 SignedMps=32.46 | TCS=0.00 ABS=0.00 | Sig=0 Rev=0
[2026-07-25 22:03:32.526] [INFO   ] [GEAR   ] [MainScript.cpp:439 (ScriptMain)] STATUS: Selected=3 MemGear=3 Next=3 PedalClutch=0.000 ClutchKey=0 DriveCoupling=1.000 ClutchCandidateRO=0.980 InputThrottle=1.000 Brake=0.000 NativeRPM=0.981 SpeedKmH=122.2 SignedMps=33.94 | TCS=0.00 ABS=0.00 | Sig=0 Rev=0
[2026-07-25 22:03:32.963] [INFO   ] [GEAR   ] [GearLogic.cpp:159 (GearLogic::ApplyToMemory)] NATIVE_SHIFT_REQUEST: from=3 to=4 rpm=0.545 clutch=0.013 windowMs=240
[2026-07-25 22:03:33.541] [INFO   ] [GEAR   ] [MainScript.cpp:439 (ScriptMain)] STATUS: Selected=4 MemGear=4 Next=4 PedalClutch=0.000 ClutchKey=0 DriveCoupling=1.000 ClutchCandidateRO=0.722 InputThrottle=1.000 Brake=0.000 NativeRPM=0.722 SpeedKmH=118.3 SignedMps=32.85 | TCS=0.00 ABS=0.00 | Sig=0 Rev=0
[2026-07-25 22:03:34.559] [INFO   ] [GEAR   ] [MainScript.cpp:439 (ScriptMain)] STATUS: Selected=4 MemGear=255 Next=255 PedalClutch=0.865 ClutchKey=0 DriveCoupling=0.107 ClutchCandidateRO=0.200 InputThrottle=1.000 Brake=0.000 NativeRPM=0.200 SpeedKmH=115.6 SignedMps=32.10 | TCS=0.00 ABS=0.00 | Sig=0 Rev=0
[2026-07-25 22:03:35.574] [INFO   ] [GEAR   ] [MainScript.cpp:439 (ScriptMain)] STATUS: Selected=4 MemGear=4 Next=4 PedalClutch=0.000 ClutchKey=0 DriveCoupling=1.000 ClutchCandidateRO=0.626 InputThrottle=0.000 Brake=0.000 NativeRPM=0.624 SpeedKmH=103.5 SignedMps=28.76 | TCS=0.00 ABS=0.00 | Sig=0 Rev=0
[2026-07-25 22:03:36.596] [INFO   ] [GEAR   ] [MainScript.cpp:439 (ScriptMain)] STATUS: Selected=4 MemGear=4 Next=4 PedalClutch=0.000 ClutchKey=0 DriveCoupling=1.000 ClutchCandidateRO=0.538 InputThrottle=0.000 Brake=0.098 NativeRPM=0.537 SpeedKmH=88.8 SignedMps=24.67 | TCS=0.00 ABS=0.00 | Sig=0 Rev=0
[2026-07-25 22:03:37.613] [INFO   ] [GEAR   ] [MainScript.cpp:439 (ScriptMain)] STATUS: Selected=4 MemGear=255 Next=255 PedalClutch=1.000 ClutchKey=1 DriveCoupling=0.000 ClutchCandidateRO=0.200 InputThrottle=0.000 Brake=0.048 NativeRPM=0.200 SpeedKmH=75.6 SignedMps=20.99 | TCS=0.00 ABS=0.00 | Sig=0 Rev=0
[2026-07-25 22:03:38.627] [INFO   ] [GEAR   ] [MainScript.cpp:439 (ScriptMain)] STATUS: Selected=4 MemGear=4 Next=3 PedalClutch=0.057 ClutchKey=0 DriveCoupling=0.932 ClutchCandidateRO=0.200 InputThrottle=1.000 Brake=0.012 NativeRPM=0.200 SpeedKmH=63.4 SignedMps=17.62 | TCS=0.00 ABS=0.00 | Sig=0 Rev=0
[2026-07-25 22:03:39.644] [INFO   ] [GEAR   ] [MainScript.cpp:439 (ScriptMain)] STATUS: Selected=4 MemGear=4 Next=3 PedalClutch=0.000 ClutchKey=0 DriveCoupling=1.000 ClutchCandidateRO=0.200 InputThrottle=1.000 Brake=0.003 NativeRPM=0.200 SpeedKmH=50.3 SignedMps=13.96 | TCS=0.00 ABS=0.00 | Sig=0 Rev=0
[2026-07-25 22:03:40.659] [INFO   ] [GEAR   ] [MainScript.cpp:439 (ScriptMain)] STATUS: Selected=4 MemGear=4 Next=4 PedalClutch=0.000 ClutchKey=0 DriveCoupling=1.000 ClutchCandidateRO=0.200 InputThrottle=0.000 Brake=0.001 NativeRPM=0.200 SpeedKmH=28.0 SignedMps=7.77 | TCS=0.00 ABS=0.00 | Sig=0 Rev=0
[2026-07-25 22:03:41.679] [INFO   ] [GEAR   ] [MainScript.cpp:439 (ScriptMain)] STATUS: Selected=4 MemGear=4 Next=4 PedalClutch=0.000 ClutchKey=0 DriveCoupling=1.000 ClutchCandidateRO=0.200 InputThrottle=0.000 Brake=0.000 NativeRPM=0.200 SpeedKmH=0.0 SignedMps=0.00 | TCS=0.00 ABS=0.00 | Sig=0 Rev=0
[2026-07-25 22:03:42.692] [INFO   ] [GEAR   ] [MainScript.cpp:439 (ScriptMain)] STATUS: Selected=4 MemGear=4 Next=4 PedalClutch=0.000 ClutchKey=0 DriveCoupling=1.000 ClutchCandidateRO=0.200 InputThrottle=0.000 Brake=0.000 NativeRPM=0.200 SpeedKmH=0.0 SignedMps=-0.00 | TCS=0.00 ABS=0.00 | Sig=0 Rev=0
[2026-07-25 22:03:43.699] [INFO   ] [GEAR   ] [MainScript.cpp:439 (ScriptMain)] STATUS: Selected=4 MemGear=4 Next=4 PedalClutch=0.000 ClutchKey=0 DriveCoupling=1.000 ClutchCandidateRO=0.200 InputThrottle=0.000 Brake=0.000 NativeRPM=0.200 SpeedKmH=0.0 SignedMps=0.00 | TCS=0.00 ABS=0.00 | Sig=0 Rev=0
[2026-07-25 22:03:44.721] [INFO   ] [GEAR   ] [MainScript.cpp:439 (ScriptMain)] STATUS: Selected=4 MemGear=4 Next=4 PedalClutch=0.000 ClutchKey=0 DriveCoupling=1.000 ClutchCandidateRO=0.200 InputThrottle=0.000 Brake=0.000 NativeRPM=0.200 SpeedKmH=0.0 SignedMps=0.00 | TCS=0.00 ABS=0.00 | Sig=0 Rev=0
[2026-07-25 22:03:45.729] [INFO   ] [GEAR   ] [MainScript.cpp:439 (ScriptMain)] STATUS: Selected=4 MemGear=255 Next=255 PedalClutch=1.000 ClutchKey=1 DriveCoupling=0.000 ClutchCandidateRO=0.200 InputThrottle=0.000 Brake=0.000 NativeRPM=0.200 SpeedKmH=0.0 SignedMps=0.00 | TCS=0.00 ABS=0.00 | Sig=0 Rev=0
[2026-07-25 22:03:46.757] [INFO   ] [GEAR   ] [MainScript.cpp:439 (ScriptMain)] STATUS: Selected=4 MemGear=4 Next=4 PedalClutch=0.000 ClutchKey=0 DriveCoupling=1.000 ClutchCandidateRO=0.200 InputThrottle=0.000 Brake=0.000 NativeRPM=0.200 SpeedKmH=0.0 SignedMps=0.00 | TCS=0.00 ABS=0.00 | Sig=0 Rev=0
[2026-07-25 22:03:47.768] [INFO   ] [GEAR   ] [MainScript.cpp:439 (ScriptMain)] STATUS: Selected=4 MemGear=4 Next=4 PedalClutch=0.000 ClutchKey=0 DriveCoupling=1.000 ClutchCandidateRO=0.200 InputThrottle=0.000 Brake=0.071 NativeRPM=0.200 SpeedKmH=0.0 SignedMps=0.00 | TCS=0.00 ABS=0.00 | Sig=0 Rev=0
[2026-07-25 22:03:48.778] [INFO   ] [GEAR   ] [MainScript.cpp:439 (ScriptMain)] STATUS: Selected=4 MemGear=4 Next=4 PedalClutch=0.000 ClutchKey=0 DriveCoupling=1.000 ClutchCandidateRO=0.200 InputThrottle=0.000 Brake=0.018 NativeRPM=0.200 SpeedKmH=0.0 SignedMps=0.00 | TCS=0.00 ABS=0.00 | Sig=0 Rev=0
[2026-07-25 22:03:49.800] [INFO   ] [GEAR   ] [MainScript.cpp:439 (ScriptMain)] STATUS: Selected=4 MemGear=4 Next=4 PedalClutch=0.000 ClutchKey=0 DriveCoupling=1.000 ClutchCandidateRO=0.200 InputThrottle=0.000 Brake=0.005 NativeRPM=0.200 SpeedKmH=0.0 SignedMps=0.00 | TCS=0.00 ABS=0.00 | Sig=0 Rev=0
[2026-07-25 22:03:50.811] [INFO   ] [GEAR   ] [MainScript.cpp:439 (ScriptMain)] STATUS: Selected=4 MemGear=4 Next=3 PedalClutch=0.000 ClutchKey=0 DriveCoupling=1.000 ClutchCandidateRO=0.200 InputThrottle=0.986 Brake=0.001 NativeRPM=0.200 SpeedKmH=0.0 SignedMps=0.00 | TCS=0.00 ABS=0.00 | Sig=0 Rev=0
[2026-07-25 22:03:51.833] [INFO   ] [GEAR   ] [MainScript.cpp:439 (ScriptMain)] STATUS: Selected=4 MemGear=255 Next=255 PedalClutch=1.000 ClutchKey=1 DriveCoupling=0.000 ClutchCandidateRO=0.200 InputThrottle=0.000 Brake=0.000 NativeRPM=0.200 SpeedKmH=0.0 SignedMps=0.00 | TCS=0.00 ABS=0.00 | Sig=0 Rev=0
[2026-07-25 22:03:52.849] [INFO   ] [GEAR   ] [MainScript.cpp:439 (ScriptMain)] STATUS: Selected=4 MemGear=4 Next=4 PedalClutch=0.420 ClutchKey=0 DriveCoupling=0.554 ClutchCandidateRO=0.200 InputThrottle=0.000 Brake=0.000 NativeRPM=0.200 SpeedKmH=0.0 SignedMps=0.00 | TCS=0.00 ABS=0.00 | Sig=0 Rev=0
[2026-07-25 22:03:53.863] [INFO   ] [GEAR   ] [MainScript.cpp:439 (ScriptMain)] STATUS: Selected=4 MemGear=255 Next=255 PedalClutch=1.000 ClutchKey=0 DriveCoupling=0.000 ClutchCandidateRO=0.200 InputThrottle=0.000 Brake=0.000 NativeRPM=0.200 SpeedKmH=0.0 SignedMps=0.00 | TCS=0.00 ABS=0.00 | Sig=0 Rev=0
[2026-07-25 22:03:54.883] [INFO   ] [GEAR   ] [MainScript.cpp:439 (ScriptMain)] STATUS: Selected=3 MemGear=255 Next=255 PedalClutch=1.000 ClutchKey=1 DriveCoupling=0.000 ClutchCandidateRO=0.200 InputThrottle=0.000 Brake=0.000 NativeRPM=0.200 SpeedKmH=0.0 SignedMps=0.00 | TCS=0.00 ABS=0.00 | Sig=0 Rev=0
[2026-07-25 22:03:55.897] [INFO   ] [GEAR   ] [MainScript.cpp:439 (ScriptMain)] STATUS: Selected=-1 MemGear=255 Next=255 PedalClutch=1.000 ClutchKey=1 DriveCoupling=0.000 ClutchCandidateRO=0.200 InputThrottle=1.000 Brake=0.000 NativeRPM=0.200 SpeedKmH=0.0 SignedMps=0.00 | TCS=0.00 ABS=0.00 | Sig=0 Rev=1
[2026-07-25 22:03:56.914] [INFO   ] [GEAR   ] [MainScript.cpp:439 (ScriptMain)] STATUS: Selected=-1 MemGear=255 Next=255 PedalClutch=0.947 ClutchKey=0 DriveCoupling=0.036 ClutchCandidateRO=0.200 InputThrottle=1.000 Brake=0.000 NativeRPM=0.200 SpeedKmH=0.0 SignedMps=0.00 | TCS=0.00 ABS=0.00 | Sig=0 Rev=1
[2026-07-25 22:03:57.199] [INFO   ] [GEAR   ] [GearLogic.cpp:159 (GearLogic::ApplyToMemory)] NATIVE_SHIFT_REQUEST: from=0 to=-1 rpm=0.273 clutch=0.415 windowMs=240
[2026-07-25 22:03:57.919] [INFO   ] [GEAR   ] [MainScript.cpp:439 (ScriptMain)] STATUS: Selected=-1 MemGear=0 Next=0 PedalClutch=0.000 ClutchKey=0 DriveCoupling=1.000 ClutchCandidateRO=0.349 InputThrottle=1.000 Brake=0.000 NativeRPM=0.365 SpeedKmH=3.8 SignedMps=-0.96 | TCS=0.00 ABS=0.00 | Sig=0 Rev=1
[2026-07-25 22:03:58.936] [INFO   ] [GEAR   ] [MainScript.cpp:439 (ScriptMain)] STATUS: Selected=1 MemGear=255 Next=255 PedalClutch=1.000 ClutchKey=1 DriveCoupling=0.000 ClutchCandidateRO=0.514 InputThrottle=0.000 Brake=0.000 NativeRPM=0.497 SpeedKmH=9.5 SignedMps=-2.64 | TCS=0.00 ABS=0.00 | Sig=0 Rev=0
[2026-07-25 22:03:59.959] [INFO   ] [GEAR   ] [MainScript.cpp:439 (ScriptMain)] STATUS: Selected=1 MemGear=255 Next=255 PedalClutch=1.000 ClutchKey=0 DriveCoupling=0.000 ClutchCandidateRO=0.200 InputThrottle=1.000 Brake=0.000 NativeRPM=0.200 SpeedKmH=0.6 SignedMps=0.14 | TCS=0.00 ABS=0.00 | Sig=0 Rev=0
[2026-07-25 22:04:00.383] [INFO   ] [GEAR   ] [GearLogic.cpp:159 (GearLogic::ApplyToMemory)] NATIVE_SHIFT_REQUEST: from=0 to=1 rpm=0.200 clutch=0.444 windowMs=240
[2026-07-25 22:04:00.967] [INFO   ] [GEAR   ] [MainScript.cpp:439 (ScriptMain)] STATUS: Selected=1 MemGear=255 Next=255 PedalClutch=1.000 ClutchKey=0 DriveCoupling=0.000 ClutchCandidateRO=0.200 InputThrottle=1.000 Brake=0.000 NativeRPM=0.200 SpeedKmH=4.6 SignedMps=1.19 | TCS=0.00 ABS=0.00 | Sig=0 Rev=0
[2026-07-25 22:04:01.983] [INFO   ] [GEAR   ] [MainScript.cpp:439 (ScriptMain)] STATUS: Selected=1 MemGear=1 Next=1 PedalClutch=0.312 ClutchKey=0 DriveCoupling=0.663 ClutchCandidateRO=0.233 InputThrottle=1.000 Brake=0.000 NativeRPM=0.249 SpeedKmH=6.9 SignedMps=1.87 | TCS=0.00 ABS=0.00 | Sig=0 Rev=0
[2026-07-25 22:04:03.004] [INFO   ] [GEAR   ] [MainScript.cpp:439 (ScriptMain)] STATUS: Selected=1 MemGear=1 Next=1 PedalClutch=0.000 ClutchKey=0 DriveCoupling=1.000 ClutchCandidateRO=0.630 InputThrottle=1.000 Brake=0.000 NativeRPM=0.633 SpeedKmH=32.9 SignedMps=9.12 | TCS=0.00 ABS=0.00 | Sig=0 Rev=0
[2026-07-25 22:04:04.017] [INFO   ] [GEAR   ] [MainScript.cpp:439 (ScriptMain)] STATUS: Selected=1 MemGear=1 Next=2 PedalClutch=0.000 ClutchKey=0 DriveCoupling=1.000 ClutchCandidateRO=0.929 InputThrottle=1.000 Brake=0.000 NativeRPM=0.911 SpeedKmH=42.8 SignedMps=11.88 | TCS=0.00 ABS=0.00 | Sig=0 Rev=0
[2026-07-25 22:04:05.042] [INFO   ] [GEAR   ] [MainScript.cpp:439 (ScriptMain)] STATUS: Selected=2 MemGear=255 Next=255 PedalClutch=1.000 ClutchKey=0 DriveCoupling=0.000 ClutchCandidateRO=0.268 InputThrottle=1.000 Brake=0.000 NativeRPM=0.249 SpeedKmH=40.4 SignedMps=11.22 | TCS=0.00 ABS=0.00 | Sig=0 Rev=0
[2026-07-25 22:04:05.589] [INFO   ] [GEAR   ] [GearLogic.cpp:159 (GearLogic::ApplyToMemory)] NATIVE_SHIFT_REQUEST: from=1 to=2 rpm=0.200 clutch=0.444 windowMs=240
[2026-07-25 22:04:06.058] [INFO   ] [GEAR   ] [MainScript.cpp:439 (ScriptMain)] STATUS: Selected=2 MemGear=2 Next=2 PedalClutch=0.000 ClutchKey=0 DriveCoupling=0.999 ClutchCandidateRO=0.503 InputThrottle=1.000 Brake=0.000 NativeRPM=0.506 SpeedKmH=45.5 SignedMps=12.64 | TCS=0.00 ABS=0.00 | Sig=0 Rev=0
[2026-07-25 22:04:07.089] [INFO   ] [GEAR   ] [MainScript.cpp:439 (ScriptMain)] STATUS: Selected=2 MemGear=2 Next=2 PedalClutch=0.000 ClutchKey=0 DriveCoupling=1.000 ClutchCandidateRO=0.656 InputThrottle=1.000 Brake=0.000 NativeRPM=0.659 SpeedKmH=59.1 SignedMps=16.43 | TCS=0.00 ABS=0.00 | Sig=0 Rev=0
[2026-07-25 22:04:08.108] [INFO   ] [GEAR   ] [MainScript.cpp:439 (ScriptMain)] STATUS: Selected=2 MemGear=2 Next=2 PedalClutch=0.000 ClutchKey=0 DriveCoupling=1.000 ClutchCandidateRO=0.794 InputThrottle=1.000 Brake=0.000 NativeRPM=0.796 SpeedKmH=71.3 SignedMps=19.81 | TCS=0.00 ABS=0.00 | Sig=0 Rev=0
[2026-07-25 22:04:09.125] [INFO   ] [GEAR   ] [MainScript.cpp:439 (ScriptMain)] STATUS: Selected=2 MemGear=2 Next=2 PedalClutch=0.000 ClutchKey=0 DriveCoupling=1.000 ClutchCandidateRO=0.907 InputThrottle=1.000 Brake=0.000 NativeRPM=0.910 SpeedKmH=81.7 SignedMps=22.69 | TCS=0.00 ABS=0.00 | Sig=0 Rev=0
[2026-07-25 22:04:10.154] [INFO   ] [GEAR   ] [MainScript.cpp:439 (ScriptMain)] STATUS: Selected=3 MemGear=255 Next=255 PedalClutch=1.000 ClutchKey=0 DriveCoupling=0.000 ClutchCandidateRO=0.433 InputThrottle=1.000 Brake=0.000 NativeRPM=0.416 SpeedKmH=80.2 SignedMps=22.29 | TCS=0.00 ABS=0.00 | Sig=0 Rev=0
[2026-07-25 22:04:10.814] [INFO   ] [GEAR   ] [GearLogic.cpp:159 (GearLogic::ApplyToMemory)] NATIVE_SHIFT_REQUEST: from=2 to=3 rpm=0.200 clutch=0.444 windowMs=240
[2026-07-25 22:04:11.172] [INFO   ] [GEAR   ] [MainScript.cpp:439 (ScriptMain)] STATUS: Selected=3 MemGear=3 Next=3 PedalClutch=0.028 ClutchKey=0 DriveCoupling=0.964 ClutchCandidateRO=0.541 InputThrottle=1.000 Brake=0.000 NativeRPM=0.558 SpeedKmH=79.8 SignedMps=22.16 | TCS=0.00 ABS=0.00 | Sig=0 Rev=0
[2026-07-25 22:04:12.197] [INFO   ] [GEAR   ] [MainScript.cpp:439 (ScriptMain)] STATUS: Selected=3 MemGear=3 Next=3 PedalClutch=0.000 ClutchKey=0 DriveCoupling=1.000 ClutchCandidateRO=0.685 InputThrottle=1.000 Brake=0.000 NativeRPM=0.685 SpeedKmH=87.3 SignedMps=24.25 | TCS=0.00 ABS=0.00 | Sig=0 Rev=0
[2026-07-25 22:04:13.203] [INFO   ] [GEAR   ] [MainScript.cpp:439 (ScriptMain)] STATUS: Selected=3 MemGear=3 Next=3 PedalClutch=0.000 ClutchKey=0 DriveCoupling=1.000 ClutchCandidateRO=0.496 InputThrottle=0.000 Brake=0.257 NativeRPM=0.478 SpeedKmH=66.8 SignedMps=18.54 | TCS=0.00 ABS=0.00 | Sig=0 Rev=0
[2026-07-25 22:04:14.230] [INFO   ] [GEAR   ] [MainScript.cpp:439 (ScriptMain)] STATUS: Selected=3 MemGear=255 Next=0 PedalClutch=1.000 ClutchKey=1 DriveCoupling=0.000 ClutchCandidateRO=0.267 InputThrottle=0.000 Brake=0.788 NativeRPM=0.285 SpeedKmH=1.3 SignedMps=-0.08 | TCS=0.00 ABS=0.00 | Sig=0 Rev=0
[2026-07-25 22:04:15.237] [INFO   ] [GEAR   ] [MainScript.cpp:439 (ScriptMain)] STATUS: Selected=3 MemGear=255 Next=0 PedalClutch=1.000 ClutchKey=1 DriveCoupling=0.000 ClutchCandidateRO=0.969 InputThrottle=0.000 Brake=0.966 NativeRPM=0.986 SpeedKmH=0.1 SignedMps=-0.01 | TCS=0.00 ABS=0.00 | Sig=0 Rev=0
[2026-07-25 22:04:16.257] [INFO   ] [GEAR   ] [MainScript.cpp:439 (ScriptMain)] STATUS: Selected=3 MemGear=3 Next=3 PedalClutch=0.000 ClutchKey=0 DriveCoupling=0.996 ClutchCandidateRO=0.661 InputThrottle=0.000 Brake=0.535 NativeRPM=0.644 SpeedKmH=0.1 SignedMps=0.02 | TCS=0.00 ABS=0.00 | Sig=0 Rev=0
[2026-07-25 22:04:17.276] [INFO   ] [GEAR   ] [MainScript.cpp:439 (ScriptMain)] STATUS: Selected=1 MemGear=255 Next=255 PedalClutch=1.000 ClutchKey=1 DriveCoupling=0.000 ClutchCandidateRO=0.200 InputThrottle=0.000 Brake=0.125 NativeRPM=0.200 SpeedKmH=0.0 SignedMps=0.00 | TCS=0.00 ABS=0.00 | Sig=0 Rev=0
[2026-07-25 22:04:18.282] [INFO   ] [GEAR   ] [MainScript.cpp:439 (ScriptMain)] STATUS: Selected=0 MemGear=255 Next=255 PedalClutch=1.000 ClutchKey=1 DriveCoupling=0.000 ClutchCandidateRO=0.200 InputThrottle=0.000 Brake=0.031 NativeRPM=0.200 SpeedKmH=0.0 SignedMps=0.00 | TCS=0.00 ABS=0.00 | Sig=0 Rev=0
[2026-07-25 22:04:18.453] [INFO   ] [GEAR   ] [GearLogic.cpp:159 (GearLogic::ApplyToMemory)] NATIVE_SHIFT_REQUEST: from=1 to=0 rpm=0.200 clutch=0.273 windowMs=240
[2026-07-25 22:04:19.306] [INFO   ] [GEAR   ] [MainScript.cpp:439 (ScriptMain)] STATUS: Selected=0 MemGear=255 Next=255 PedalClutch=0.000 ClutchKey=0 DriveCoupling=0.000 ClutchCandidateRO=0.234 InputThrottle=0.002 Brake=0.008 NativeRPM=0.251 SpeedKmH=0.0 SignedMps=-0.00 | TCS=0.00 ABS=0.00 | Sig=0 Rev=0
[2026-07-25 22:04:20.312] [INFO   ] [GEAR   ] [MainScript.cpp:439 (ScriptMain)] STATUS: Selected=0 MemGear=255 Next=255 PedalClutch=0.000 ClutchKey=0 DriveCoupling=0.000 ClutchCandidateRO=0.200 InputThrottle=1.000 Brake=0.002 NativeRPM=0.200 SpeedKmH=0.0 SignedMps=0.00 | TCS=0.00 ABS=0.00 | Sig=0 Rev=0
[2026-07-25 22:04:21.253] [INFO   ] [GEAR   ] [GearLogic.cpp:159 (GearLogic::ApplyToMemory)] NATIVE_SHIFT_REQUEST: from=0 to=1 rpm=0.406 clutch=0.284 windowMs=240
[2026-07-25 22:04:21.339] [INFO   ] [GEAR   ] [MainScript.cpp:439 (ScriptMain)] STATUS: Selected=1 MemGear=1 Next=1 PedalClutch=0.000 ClutchKey=0 DriveCoupling=1.000 ClutchCandidateRO=0.442 InputThrottle=1.000 Brake=0.001 NativeRPM=0.424 SpeedKmH=0.9 SignedMps=0.26 | TCS=0.00 ABS=0.00 | Sig=0 Rev=0
[2026-07-25 22:04:22.349] [INFO   ] [GEAR   ] [MainScript.cpp:439 (ScriptMain)] STATUS: Selected=1 MemGear=1 Next=1 PedalClutch=0.000 ClutchKey=0 DriveCoupling=1.000 ClutchCandidateRO=0.826 InputThrottle=1.000 Brake=0.000 NativeRPM=0.839 SpeedKmH=18.2 SignedMps=5.04 | TCS=0.00 ABS=0.00 | Sig=0 Rev=0
[2026-07-25 22:04:23.016] [INFO   ] [GEAR   ] [GearLogic.cpp:159 (GearLogic::ApplyToMemory)] NATIVE_SHIFT_REQUEST: from=1 to=2 rpm=0.538 clutch=0.273 windowMs=240
[2026-07-25 22:04:23.359] [INFO   ] [GEAR   ] [MainScript.cpp:439 (ScriptMain)] STATUS: Selected=2 MemGear=2 Next=1 PedalClutch=0.000 ClutchKey=0 DriveCoupling=1.000 ClutchCandidateRO=0.863 InputThrottle=1.000 Brake=0.000 NativeRPM=0.881 SpeedKmH=29.9 SignedMps=8.31 | TCS=0.00 ABS=0.00 | Sig=0 Rev=0
[2026-07-25 22:04:24.380] [INFO   ] [GEAR   ] [MainScript.cpp:439 (ScriptMain)] STATUS: Selected=2 MemGear=2 Next=2 PedalClutch=0.000 ClutchKey=0 DriveCoupling=1.000 ClutchCandidateRO=0.963 InputThrottle=1.000 Brake=0.000 NativeRPM=0.946 SpeedKmH=32.6 SignedMps=9.07 | TCS=0.00 ABS=0.00 | Sig=0 Rev=0
[2026-07-25 22:04:25.392] [INFO   ] [GEAR   ] [MainScript.cpp:439 (ScriptMain)] STATUS: Selected=2 MemGear=255 Next=255 PedalClutch=1.000 ClutchKey=1 DriveCoupling=0.000 ClutchCandidateRO=0.796 InputThrottle=0.000 Brake=0.000 NativeRPM=0.778 SpeedKmH=30.3 SignedMps=8.43 | TCS=0.00 ABS=0.00 | Sig=0 Rev=0
[2026-07-25 22:04:25.591] [INFO   ] [GEAR   ] [GearLogic.cpp:159 (GearLogic::ApplyToMemory)] NATIVE_SHIFT_REQUEST: from=2 to=1 rpm=0.579 clutch=0.273 windowMs=240
[2026-07-25 22:04:26.412] [INFO   ] [GEAR   ] [MainScript.cpp:439 (ScriptMain)] STATUS: Selected=1 MemGear=1 Next=1 PedalClutch=0.000 ClutchKey=0 DriveCoupling=1.000 ClutchCandidateRO=0.864 InputThrottle=1.000 Brake=0.000 NativeRPM=0.881 SpeedKmH=42.9 SignedMps=11.91 | TCS=0.00 ABS=0.00 | Sig=0 Rev=0
[2026-07-25 22:04:27.030] [INFO   ] [GEAR   ] [GearLogic.cpp:159 (GearLogic::ApplyToMemory)] NATIVE_SHIFT_REQUEST: from=1 to=2 rpm=0.742 clutch=0.449 windowMs=240
[2026-07-25 22:04:27.432] [INFO   ] [GEAR   ] [MainScript.cpp:439 (ScriptMain)] STATUS: Selected=2 MemGear=2 Next=2 PedalClutch=0.000 ClutchKey=0 DriveCoupling=1.000 ClutchCandidateRO=0.498 InputThrottle=1.000 Brake=0.000 NativeRPM=0.499 SpeedKmH=44.9 SignedMps=12.48 | TCS=0.00 ABS=0.00 | Sig=0 Rev=0
[2026-07-25 22:04:28.438] [INFO   ] [GEAR   ] [MainScript.cpp:439 (ScriptMain)] STATUS: Selected=2 MemGear=2 Next=2 PedalClutch=0.000 ClutchKey=0 DriveCoupling=1.000 ClutchCandidateRO=0.620 InputThrottle=1.000 Brake=0.000 NativeRPM=0.623 SpeedKmH=55.9 SignedMps=15.53 | TCS=0.00 ABS=0.00 | Sig=0 Rev=0
[2026-07-25 22:04:29.467] [INFO   ] [GEAR   ] [MainScript.cpp:439 (ScriptMain)] STATUS: Selected=2 MemGear=2 Next=2 PedalClutch=0.000 ClutchKey=0 DriveCoupling=1.000 ClutchCandidateRO=0.739 InputThrottle=1.000 Brake=0.000 NativeRPM=0.741 SpeedKmH=66.5 SignedMps=18.45 | TCS=0.00 ABS=0.00 | Sig=0 Rev=0
[2026-07-25 22:04:30.482] [INFO   ] [GEAR   ] [MainScript.cpp:439 (ScriptMain)] STATUS: Selected=2 MemGear=2 Next=2 PedalClutch=0.000 ClutchKey=0 DriveCoupling=1.000 ClutchCandidateRO=0.849 InputThrottle=1.000 Brake=0.000 NativeRPM=0.850 SpeedKmH=76.3 SignedMps=21.20 | TCS=0.00 ABS=0.00 | Sig=0 Rev=0
[2026-07-25 22:04:31.507] [INFO   ] [GEAR   ] [MainScript.cpp:439 (ScriptMain)] STATUS: Selected=2 MemGear=2 Next=2 PedalClutch=0.000 ClutchKey=0 DriveCoupling=1.000 ClutchCandidateRO=0.936 InputThrottle=1.000 Brake=0.000 NativeRPM=0.937 SpeedKmH=84.1 SignedMps=23.37 | TCS=0.00 ABS=0.00 | Sig=0 Rev=0
[2026-07-25 22:04:32.147] [INFO   ] [GEAR   ] [GearLogic.cpp:159 (GearLogic::ApplyToMemory)] NATIVE_SHIFT_REQUEST: from=2 to=3 rpm=0.723 clutch=0.273 windowMs=240
[2026-07-25 22:04:32.519] [INFO   ] [GEAR   ] [MainScript.cpp:439 (ScriptMain)] STATUS: Selected=3 MemGear=3 Next=3 PedalClutch=0.000 ClutchKey=0 DriveCoupling=1.000 ClutchCandidateRO=0.670 InputThrottle=1.000 Brake=0.000 NativeRPM=0.671 SpeedKmH=85.3 SignedMps=23.69 | TCS=0.00 ABS=0.00 | Sig=0 Rev=0
[2026-07-25 22:04:33.531] [INFO   ] [GEAR   ] [MainScript.cpp:439 (ScriptMain)] STATUS: Selected=3 MemGear=3 Next=3 PedalClutch=0.000 ClutchKey=0 DriveCoupling=1.000 ClutchCandidateRO=0.728 InputThrottle=1.000 Brake=0.000 NativeRPM=0.729 SpeedKmH=92.8 SignedMps=25.77 | TCS=0.00 ABS=0.00 | Sig=0 Rev=0
[2026-07-25 22:04:34.554] [INFO   ] [GEAR   ] [MainScript.cpp:439 (ScriptMain)] STATUS: Selected=3 MemGear=3 Next=3 PedalClutch=0.000 ClutchKey=0 DriveCoupling=1.000 ClutchCandidateRO=0.798 InputThrottle=1.000 Brake=0.000 NativeRPM=0.799 SpeedKmH=101.6 SignedMps=28.24 | TCS=0.00 ABS=0.00 | Sig=0 Rev=0
[2026-07-25 22:04:35.574] [INFO   ] [GEAR   ] [MainScript.cpp:439 (ScriptMain)] STATUS: Selected=3 MemGear=3 Next=3 PedalClutch=0.000 ClutchKey=0 DriveCoupling=1.000 ClutchCandidateRO=0.854 InputThrottle=1.000 Brake=0.000 NativeRPM=0.854 SpeedKmH=108.7 SignedMps=30.18 | TCS=0.00 ABS=0.00 | Sig=0 Rev=0
[2026-07-25 22:04:36.588] [INFO   ] [GEAR   ] [MainScript.cpp:439 (ScriptMain)] STATUS: Selected=3 MemGear=3 Next=3 PedalClutch=0.000 ClutchKey=0 DriveCoupling=1.000 ClutchCandidateRO=0.886 InputThrottle=1.000 Brake=0.000 NativeRPM=0.886 SpeedKmH=112.2 SignedMps=31.17 | TCS=0.00 ABS=0.00 | Sig=0 Rev=0
[2026-07-25 22:04:37.606] [INFO   ] [GEAR   ] [MainScript.cpp:439 (ScriptMain)] STATUS: Selected=3 MemGear=3 Next=3 PedalClutch=0.000 ClutchKey=0 DriveCoupling=1.000 ClutchCandidateRO=0.901 InputThrottle=1.000 Brake=0.000 NativeRPM=0.901 SpeedKmH=114.8 SignedMps=31.89 | TCS=0.00 ABS=0.00 | Sig=0 Rev=0
[2026-07-25 22:04:38.618] [INFO   ] [GEAR   ] [MainScript.cpp:439 (ScriptMain)] STATUS: Selected=4 MemGear=255 Next=255 PedalClutch=1.000 ClutchKey=0 DriveCoupling=0.000 ClutchCandidateRO=0.744 InputThrottle=1.000 Brake=0.000 NativeRPM=0.727 SpeedKmH=115.3 SignedMps=32.02 | TCS=0.00 ABS=0.00 | Sig=0 Rev=0
[2026-07-25 22:04:38.757] [INFO   ] [GEAR   ] [GearLogic.cpp:159 (GearLogic::ApplyToMemory)] NATIVE_SHIFT_REQUEST: from=3 to=4 rpm=0.586 clutch=0.284 windowMs=240
[2026-07-25 22:04:39.633] [INFO   ] [GEAR   ] [MainScript.cpp:439 (ScriptMain)] STATUS: Selected=4 MemGear=4 Next=4 PedalClutch=0.000 ClutchKey=0 DriveCoupling=1.000 ClutchCandidateRO=0.698 InputThrottle=1.000 Brake=0.000 NativeRPM=0.698 SpeedKmH=114.4 SignedMps=31.79 | TCS=0.00 ABS=0.00 | Sig=0 Rev=0
[2026-07-25 22:04:40.647] [INFO   ] [GEAR   ] [MainScript.cpp:439 (ScriptMain)] STATUS: Selected=4 MemGear=4 Next=4 PedalClutch=0.000 ClutchKey=0 DriveCoupling=1.000 ClutchCandidateRO=0.704 InputThrottle=1.000 Brake=0.000 NativeRPM=0.704 SpeedKmH=115.3 SignedMps=32.03 | TCS=0.00 ABS=0.00 | Sig=0 Rev=0
[2026-07-25 22:04:41.656] [INFO   ] [GEAR   ] [MainScript.cpp:439 (ScriptMain)] STATUS: Selected=4 MemGear=4 Next=4 PedalClutch=0.000 ClutchKey=0 DriveCoupling=1.000 ClutchCandidateRO=0.713 InputThrottle=1.000 Brake=0.000 NativeRPM=0.713 SpeedKmH=116.9 SignedMps=32.47 | TCS=0.00 ABS=0.00 | Sig=0 Rev=0
[2026-07-25 22:04:41.963] [INFO   ] [GEAR   ] [GearLogic.cpp:159 (GearLogic::ApplyToMemory)] NATIVE_SHIFT_REQUEST: from=4 to=5 rpm=0.435 clutch=0.273 windowMs=240
[2026-07-25 22:04:42.677] [INFO   ] [GEAR   ] [MainScript.cpp:439 (ScriptMain)] STATUS: Selected=5 MemGear=5 Next=5 PedalClutch=0.000 ClutchKey=0 DriveCoupling=1.000 ClutchCandidateRO=0.221 InputThrottle=0.000 Brake=0.000 NativeRPM=0.236 SpeedKmH=103.4 SignedMps=28.72 | TCS=0.00 ABS=0.00 | Sig=0 Rev=0
[2026-07-25 22:04:43.350] [INFO   ] [GEAR   ] [GearLogic.cpp:159 (GearLogic::ApplyToMemory)] NATIVE_SHIFT_REQUEST: from=4 to=3 rpm=0.200 clutch=0.273 windowMs=240
[2026-07-25 22:04:43.694] [INFO   ] [GEAR   ] [MainScript.cpp:439 (ScriptMain)] STATUS: Selected=3 MemGear=3 Next=3 PedalClutch=0.000 ClutchKey=0 DriveCoupling=1.000 ClutchCandidateRO=0.529 InputThrottle=1.000 Brake=0.000 NativeRPM=0.545 SpeedKmH=93.4 SignedMps=25.94 | TCS=0.00 ABS=0.00 | Sig=0 Rev=0
[2026-07-25 22:04:44.709] [INFO   ] [GEAR   ] [MainScript.cpp:439 (ScriptMain)] STATUS: Selected=3 MemGear=3 Next=3 PedalClutch=0.000 ClutchKey=0 DriveCoupling=1.000 ClutchCandidateRO=0.784 InputThrottle=1.000 Brake=0.000 NativeRPM=0.785 SpeedKmH=99.9 SignedMps=27.74 | TCS=0.00 ABS=0.00 | Sig=0 Rev=0
[2026-07-25 22:04:45.718] [INFO   ] [GEAR   ] [MainScript.cpp:439 (ScriptMain)] STATUS: Selected=3 MemGear=255 Next=255 PedalClutch=1.000 ClutchKey=1 DriveCoupling=0.000 ClutchCandidateRO=0.200 InputThrottle=1.000 Brake=0.000 NativeRPM=0.200 SpeedKmH=100.5 SignedMps=27.93 | TCS=0.00 ABS=0.00 | Sig=0 Rev=0
[2026-07-25 22:04:46.745] [INFO   ] [GEAR   ] [MainScript.cpp:439 (ScriptMain)] STATUS: Selected=3 MemGear=3 Next=3 PedalClutch=0.000 ClutchKey=0 DriveCoupling=1.000 ClutchCandidateRO=0.294 InputThrottle=1.000 Brake=0.000 NativeRPM=0.309 SpeedKmH=99.5 SignedMps=27.64 | TCS=0.00 ABS=0.00 | Sig=0 Rev=0
[2026-07-25 22:04:47.197] [INFO   ] [GEAR   ] [GearLogic.cpp:159 (GearLogic::ApplyToMemory)] NATIVE_SHIFT_REQUEST: from=3 to=2 rpm=0.296 clutch=0.273 windowMs=240
[2026-07-25 22:04:47.760] [INFO   ] [GEAR   ] [MainScript.cpp:439 (ScriptMain)] STATUS: Selected=2 MemGear=2 Next=2 PedalClutch=0.000 ClutchKey=0 DriveCoupling=1.000 ClutchCandidateRO=0.200 InputThrottle=1.000 Brake=0.000 NativeRPM=0.200 SpeedKmH=87.8 SignedMps=24.38 | TCS=0.00 ABS=0.00 | Sig=0 Rev=0
[2026-07-25 22:04:48.770] [INFO   ] [GEAR   ] [MainScript.cpp:439 (ScriptMain)] STATUS: Selected=2 MemGear=255 Next=255 PedalClutch=0.273 ClutchKey=0 DriveCoupling=0.537 ClutchCandidateRO=0.200 InputThrottle=1.000 Brake=0.000 NativeRPM=0.200 SpeedKmH=83.7 SignedMps=23.25 | TCS=0.00 ABS=0.00 | Sig=0 Rev=0
[2026-07-25 22:04:49.506] [INFO   ] [GEAR   ] [GearLogic.cpp:159 (GearLogic::ApplyToMemory)] NATIVE_SHIFT_REQUEST: from=2 to=1 rpm=0.388 clutch=0.284 windowMs=240
[2026-07-25 22:04:49.793] [INFO   ] [GEAR   ] [MainScript.cpp:439 (ScriptMain)] STATUS: Selected=1 MemGear=1 Next=2 PedalClutch=0.000 ClutchKey=0 DriveCoupling=1.000 ClutchCandidateRO=0.200 InputThrottle=1.000 Brake=0.000 NativeRPM=0.200 SpeedKmH=75.8 SignedMps=21.06 | TCS=0.00 ABS=0.00 | Sig=0 Rev=0
[2026-07-25 22:04:50.806] [INFO   ] [GEAR   ] [MainScript.cpp:439 (ScriptMain)] STATUS: Selected=1 MemGear=1 Next=1 PedalClutch=0.000 ClutchKey=0 DriveCoupling=1.000 ClutchCandidateRO=0.828 InputThrottle=0.000 Brake=0.000 NativeRPM=0.843 SpeedKmH=63.1 SignedMps=17.52 | TCS=0.00 ABS=0.00 | Sig=0 Rev=0
[2026-07-25 22:04:51.823] [INFO   ] [GEAR   ] [MainScript.cpp:439 (ScriptMain)] STATUS: Selected=1 MemGear=1 Next=1 PedalClutch=0.000 ClutchKey=0 DriveCoupling=1.000 ClutchCandidateRO=0.583 InputThrottle=0.000 Brake=0.000 NativeRPM=0.567 SpeedKmH=48.8 SignedMps=13.56 | TCS=0.00 ABS=0.00 | Sig=0 Rev=0
[2026-07-25 22:04:52.837] [INFO   ] [GEAR   ] [MainScript.cpp:439 (ScriptMain)] STATUS: Selected=1 MemGear=1 Next=1 PedalClutch=0.000 ClutchKey=0 DriveCoupling=1.000 ClutchCandidateRO=0.902 InputThrottle=1.000 Brake=0.000 NativeRPM=0.917 SpeedKmH=42.8 SignedMps=11.87 | TCS=0.00 ABS=0.00 | Sig=0 Rev=0
[2026-07-25 22:04:53.453] [INFO   ] [GEAR   ] [GearLogic.cpp:159 (GearLogic::ApplyToMemory)] NATIVE_SHIFT_REQUEST: from=1 to=2 rpm=0.733 clutch=0.449 windowMs=240
[2026-07-25 22:04:53.844] [INFO   ] [GEAR   ] [MainScript.cpp:439 (ScriptMain)] STATUS: Selected=2 MemGear=2 Next=2 PedalClutch=0.000 ClutchKey=0 DriveCoupling=1.000 ClutchCandidateRO=0.463 InputThrottle=1.000 Brake=0.000 NativeRPM=0.465 SpeedKmH=41.8 SignedMps=11.60 | TCS=0.00 ABS=0.00 | Sig=0 Rev=0
[2026-07-25 22:04:54.860] [INFO   ] [GEAR   ] [MainScript.cpp:439 (ScriptMain)] STATUS: Selected=2 MemGear=2 Next=2 PedalClutch=0.000 ClutchKey=0 DriveCoupling=1.000 ClutchCandidateRO=0.484 InputThrottle=1.000 Brake=0.000 NativeRPM=0.486 SpeedKmH=43.5 SignedMps=12.09 | TCS=0.00 ABS=0.00 | Sig=0 Rev=0
[2026-07-25 22:04:55.887] [INFO   ] [GEAR   ] [MainScript.cpp:439 (ScriptMain)] STATUS: Selected=2 MemGear=2 Next=2 PedalClutch=0.000 ClutchKey=0 DriveCoupling=1.000 ClutchCandidateRO=0.552 InputThrottle=1.000 Brake=0.000 NativeRPM=0.552 SpeedKmH=49.5 SignedMps=13.75 | TCS=0.00 ABS=0.00 | Sig=0 Rev=0
[2026-07-25 22:04:56.901] [INFO   ] [GEAR   ] [MainScript.cpp:439 (ScriptMain)] STATUS: Selected=2 MemGear=2 Next=2 PedalClutch=0.000 ClutchKey=0 DriveCoupling=1.000 ClutchCandidateRO=0.648 InputThrottle=1.000 Brake=0.000 NativeRPM=0.649 SpeedKmH=58.2 SignedMps=16.16 | TCS=0.00 ABS=0.00 | Sig=0 Rev=0
[2026-07-25 22:04:57.911] [INFO   ] [GEAR   ] [MainScript.cpp:439 (ScriptMain)] STATUS: Selected=2 MemGear=2 Next=2 PedalClutch=0.000 ClutchKey=0 DriveCoupling=1.000 ClutchCandidateRO=0.768 InputThrottle=1.000 Brake=0.000 NativeRPM=0.771 SpeedKmH=68.7 SignedMps=19.08 | TCS=0.00 ABS=0.00 | Sig=0 Rev=0
[2026-07-25 22:04:58.922] [INFO   ] [GEAR   ] [MainScript.cpp:439 (ScriptMain)] STATUS: Selected=2 MemGear=2 Next=2 PedalClutch=0.000 ClutchKey=0 DriveCoupling=1.000 ClutchCandidateRO=0.882 InputThrottle=1.000 Brake=0.000 NativeRPM=0.883 SpeedKmH=79.2 SignedMps=22.01 | TCS=0.00 ABS=0.00 | Sig=0 Rev=0
[2026-07-25 22:04:59.939] [INFO   ] [GEAR   ] [MainScript.cpp:439 (ScriptMain)] STATUS: Selected=2 MemGear=2 Next=2 PedalClutch=0.000 ClutchKey=0 DriveCoupling=1.000 ClutchCandidateRO=0.973 InputThrottle=1.000 Brake=0.000 NativeRPM=0.974 SpeedKmH=87.4 SignedMps=24.28 | TCS=0.00 ABS=0.00 | Sig=0 Rev=0
[2026-07-25 22:05:00.436] [INFO   ] [GEAR   ] [GearLogic.cpp:159 (GearLogic::ApplyToMemory)] NATIVE_SHIFT_REQUEST: from=2 to=3 rpm=0.510 clutch=0.273 windowMs=240
[2026-07-25 22:05:00.960] [INFO   ] [GEAR   ] [MainScript.cpp:439 (ScriptMain)] STATUS: Selected=3 MemGear=3 Next=3 PedalClutch=0.000 ClutchKey=0 DriveCoupling=1.000 ClutchCandidateRO=0.672 InputThrottle=1.000 Brake=0.000 NativeRPM=0.673 SpeedKmH=85.7 SignedMps=23.80 | TCS=0.00 ABS=0.00 | Sig=0 Rev=0
[2026-07-25 22:05:01.979] [INFO   ] [GEAR   ] [MainScript.cpp:439 (ScriptMain)] STATUS: Selected=3 MemGear=3 Next=3 PedalClutch=0.000 ClutchKey=0 DriveCoupling=1.000 ClutchCandidateRO=0.779 InputThrottle=1.000 Brake=0.000 NativeRPM=0.780 SpeedKmH=97.3 SignedMps=27.03 | TCS=0.00 ABS=0.00 | Sig=0 Rev=0
[2026-07-25 22:05:02.987] [INFO   ] [GEAR   ] [MainScript.cpp:439 (ScriptMain)] STATUS: Selected=3 MemGear=3 Next=3 PedalClutch=0.000 ClutchKey=0 DriveCoupling=1.000 ClutchCandidateRO=0.866 InputThrottle=1.000 Brake=0.000 NativeRPM=0.866 SpeedKmH=110.2 SignedMps=30.61 | TCS=0.00 ABS=0.00 | Sig=0 Rev=0
[2026-07-25 22:05:04.009] [INFO   ] [GEAR   ] [MainScript.cpp:439 (ScriptMain)] STATUS: Selected=3 MemGear=3 Next=3 PedalClutch=0.000 ClutchKey=0 DriveCoupling=1.000 ClutchCandidateRO=0.898 InputThrottle=1.000 Brake=0.000 NativeRPM=0.898 SpeedKmH=113.8 SignedMps=31.61 | TCS=0.00 ABS=0.00 | Sig=0 Rev=0
[2026-07-25 22:05:05.027] [INFO   ] [GEAR   ] [MainScript.cpp:439 (ScriptMain)] STATUS: Selected=3 MemGear=3 Next=3 PedalClutch=0.000 ClutchKey=0 DriveCoupling=1.000 ClutchCandidateRO=0.937 InputThrottle=1.000 Brake=0.000 NativeRPM=0.937 SpeedKmH=119.0 SignedMps=33.05 | TCS=0.00 ABS=0.00 | Sig=0 Rev=0
[2026-07-25 22:05:06.039] [INFO   ] [GEAR   ] [MainScript.cpp:439 (ScriptMain)] STATUS: Selected=3 MemGear=3 Next=3 PedalClutch=0.000 ClutchKey=0 DriveCoupling=1.000 ClutchCandidateRO=0.891 InputThrottle=0.000 Brake=0.000 NativeRPM=0.889 SpeedKmH=113.6 SignedMps=31.54 | TCS=0.00 ABS=0.00 | Sig=0 Rev=0
[2026-07-25 22:05:07.053] [INFO   ] [GEAR   ] [MainScript.cpp:439 (ScriptMain)] STATUS: Selected=3 MemGear=3 Next=3 PedalClutch=0.000 ClutchKey=0 DriveCoupling=1.000 ClutchCandidateRO=0.506 InputThrottle=0.000 Brake=0.368 NativeRPM=0.487 SpeedKmH=73.4 SignedMps=20.38 | TCS=0.00 ABS=0.00 | Sig=0 Rev=0
[2026-07-25 22:05:08.072] [INFO   ] [GEAR   ] [MainScript.cpp:439 (ScriptMain)] STATUS: Selected=3 MemGear=3 Next=3 PedalClutch=0.000 ClutchKey=0 DriveCoupling=1.000 ClutchCandidateRO=0.426 InputThrottle=0.000 Brake=0.116 NativeRPM=0.424 SpeedKmH=54.3 SignedMps=15.08 | TCS=0.00 ABS=0.00 | Sig=0 Rev=0
[2026-07-25 22:05:09.085] [INFO   ] [GEAR   ] [MainScript.cpp:439 (ScriptMain)] STATUS: Selected=3 MemGear=3 Next=3 PedalClutch=0.000 ClutchKey=0 DriveCoupling=1.000 ClutchCandidateRO=0.252 InputThrottle=0.000 Brake=0.029 NativeRPM=0.263 SpeedKmH=41.5 SignedMps=11.54 | TCS=0.00 ABS=0.00 | Sig=0 Rev=0
[2026-07-25 22:05:10.107] [INFO   ] [GEAR   ] [MainScript.cpp:439 (ScriptMain)] STATUS: Selected=3 MemGear=255 Next=0 PedalClutch=1.000 ClutchKey=1 DriveCoupling=0.000 ClutchCandidateRO=0.322 InputThrottle=0.000 Brake=0.590 NativeRPM=0.338 SpeedKmH=0.6 SignedMps=0.11 | TCS=0.00 ABS=0.00 | Sig=0 Rev=0
[2026-07-25 22:05:11.119] [INFO   ] [GEAR   ] [MainScript.cpp:439 (ScriptMain)] STATUS: Selected=3 MemGear=255 Next=255 PedalClutch=1.000 ClutchKey=1 DriveCoupling=0.000 ClutchCandidateRO=0.775 InputThrottle=0.000 Brake=0.581 NativeRPM=0.759 SpeedKmH=0.1 SignedMps=-0.00 | TCS=0.00 ABS=0.00 | Sig=0 Rev=0
[2026-07-25 22:05:12.124] [INFO   ] [GEAR   ] [MainScript.cpp:439 (ScriptMain)] STATUS: Selected=3 MemGear=3 Next=2 PedalClutch=0.000 ClutchKey=0 DriveCoupling=1.000 ClutchCandidateRO=0.200 InputThrottle=0.997 Brake=0.134 NativeRPM=0.200 SpeedKmH=0.0 SignedMps=0.00 | TCS=0.00 ABS=0.00 | Sig=0 Rev=0
[2026-07-25 22:05:13.143] [INFO   ] [GEAR   ] [MainScript.cpp:439 (ScriptMain)] STATUS: Selected=3 MemGear=3 Next=3 PedalClutch=0.000 ClutchKey=0 DriveCoupling=1.000 ClutchCandidateRO=0.200 InputThrottle=0.000 Brake=0.104 NativeRPM=0.200 SpeedKmH=0.0 SignedMps=0.00 | TCS=0.00 ABS=0.00 | Sig=0 Rev=0
[2026-07-25 22:05:14.168] [INFO   ] [GEAR   ] [MainScript.cpp:439 (ScriptMain)] STATUS: Selected=3 MemGear=3 Next=3 PedalClutch=0.000 ClutchKey=0 DriveCoupling=1.000 ClutchCandidateRO=0.200 InputThrottle=0.000 Brake=0.026 NativeRPM=0.200 SpeedKmH=0.0 SignedMps=0.00 | TCS=0.00 ABS=0.00 | Sig=0 Rev=0
[2026-07-25 22:05:15.185] [INFO   ] [GEAR   ] [MainScript.cpp:439 (ScriptMain)] STATUS: Selected=3 MemGear=3 Next=3 PedalClutch=0.000 ClutchKey=0 DriveCoupling=1.000 ClutchCandidateRO=0.200 InputThrottle=0.000 Brake=0.104 NativeRPM=0.200 SpeedKmH=0.0 SignedMps=0.00 | TCS=0.00 ABS=0.00 | Sig=0 Rev=0
[2026-07-25 22:05:16.201] [INFO   ] [GEAR   ] [MainScript.cpp:439 (ScriptMain)] STATUS: Selected=3 MemGear=3 Next=2 PedalClutch=0.000 ClutchKey=0 DriveCoupling=1.000 ClutchCandidateRO=0.200 InputThrottle=0.366 Brake=0.026 NativeRPM=0.200 SpeedKmH=0.0 SignedMps=-0.00 | TCS=0.00 ABS=0.00 | Sig=0 Rev=0
[2026-07-25 22:05:17.202] [INFO   ] [GEAR   ] [MainScript.cpp:439 (ScriptMain)] STATUS: Selected=3 MemGear=3 Next=3 PedalClutch=0.000 ClutchKey=0 DriveCoupling=1.000 ClutchCandidateRO=0.200 InputThrottle=0.205 Brake=0.007 NativeRPM=0.200 SpeedKmH=0.0 SignedMps=-0.00 | TCS=0.00 ABS=0.00 | Sig=0 Rev=0
[2026-07-25 22:05:18.230] [INFO   ] [GEAR   ] [MainScript.cpp:439 (ScriptMain)] STATUS: Selected=1 MemGear=255 Next=255 PedalClutch=1.000 ClutchKey=1 DriveCoupling=0.000 ClutchCandidateRO=0.200 InputThrottle=0.073 Brake=0.002 NativeRPM=0.200 SpeedKmH=0.0 SignedMps=0.00 | TCS=0.00 ABS=0.00 | Sig=0 Rev=0
[2026-07-25 22:05:18.974] [INFO   ] [GEAR   ] [GearLogic.cpp:159 (GearLogic::ApplyToMemory)] NATIVE_SHIFT_REQUEST: from=1 to=0 rpm=0.200 clutch=0.273 windowMs=240
[2026-07-25 22:05:19.236] [INFO   ] [GEAR   ] [MainScript.cpp:439 (ScriptMain)] STATUS: Selected=0 MemGear=255 Next=255 PedalClutch=0.000 ClutchKey=0 DriveCoupling=0.000 ClutchCandidateRO=0.200 InputThrottle=0.307 Brake=0.000 NativeRPM=0.200 SpeedKmH=0.1 SignedMps=-0.03 | TCS=0.00 ABS=0.00 | Sig=0 Rev=0
[2026-07-25 22:05:20.264] [INFO   ] [GEAR   ] [MainScript.cpp:439 (ScriptMain)] STATUS: Selected=1 MemGear=255 Next=255 PedalClutch=0.878 ClutchKey=0 DriveCoupling=0.000 ClutchCandidateRO=0.200 InputThrottle=0.437 Brake=0.000 NativeRPM=0.200 SpeedKmH=0.3 SignedMps=-0.08 | TCS=0.00 ABS=0.00 | Sig=0 Rev=0
[2026-07-25 22:05:20.297] [INFO   ] [GEAR   ] [GearLogic.cpp:159 (GearLogic::ApplyToMemory)] NATIVE_SHIFT_REQUEST: from=0 to=1 rpm=0.200 clutch=0.273 windowMs=240
[2026-07-25 22:05:21.279] [INFO   ] [GEAR   ] [MainScript.cpp:439 (ScriptMain)] STATUS: Selected=1 MemGear=1 Next=1 PedalClutch=0.000 ClutchKey=0 DriveCoupling=1.000 ClutchCandidateRO=0.678 InputThrottle=0.766 Brake=0.000 NativeRPM=0.692 SpeedKmH=13.4 SignedMps=3.72 | TCS=0.00 ABS=0.00 | Sig=0 Rev=0
[2026-07-25 22:05:22.283] [INFO   ] [GEAR   ] [MainScript.cpp:439 (ScriptMain)] STATUS: Selected=1 MemGear=1 Next=1 PedalClutch=0.000 ClutchKey=0 DriveCoupling=1.000 ClutchCandidateRO=0.450 InputThrottle=0.295 Brake=0.000 NativeRPM=0.432 SpeedKmH=36.8 SignedMps=10.21 | TCS=0.00 ABS=0.00 | Sig=0 Rev=0
[2026-07-25 22:05:23.312] [INFO   ] [GEAR   ] [MainScript.cpp:439 (ScriptMain)] STATUS: Selected=1 MemGear=1 Next=1 PedalClutch=0.000 ClutchKey=0 DriveCoupling=1.000 ClutchCandidateRO=0.950 InputThrottle=0.696 Brake=0.000 NativeRPM=0.967 SpeedKmH=42.7 SignedMps=11.87 | TCS=0.00 ABS=0.00 | Sig=0 Rev=0
[2026-07-25 22:05:23.845] [INFO   ] [GEAR   ] [GearLogic.cpp:159 (GearLogic::ApplyToMemory)] NATIVE_SHIFT_REQUEST: from=1 to=2 rpm=0.645 clutch=0.270 windowMs=240
[2026-07-25 22:05:24.327] [INFO   ] [GEAR   ] [MainScript.cpp:439 (ScriptMain)] STATUS: Selected=2 MemGear=2 Next=2 PedalClutch=0.000 ClutchKey=0 DriveCoupling=1.000 ClutchCandidateRO=0.500 InputThrottle=0.749 Brake=0.000 NativeRPM=0.505 SpeedKmH=45.0 SignedMps=12.50 | TCS=0.00 ABS=0.00 | Sig=0 Rev=0
[2026-07-25 22:05:25.340] [INFO   ] [GEAR   ] [MainScript.cpp:439 (ScriptMain)] STATUS: Selected=2 MemGear=2 Next=2 PedalClutch=0.000 ClutchKey=0 DriveCoupling=1.000 ClutchCandidateRO=0.650 InputThrottle=0.904 Brake=0.000 NativeRPM=0.653 SpeedKmH=58.6 SignedMps=16.28 | TCS=0.00 ABS=0.00 | Sig=0 Rev=0
[2026-07-25 22:05:26.350] [INFO   ] [GEAR   ] [MainScript.cpp:439 (ScriptMain)] STATUS: Selected=3 MemGear=255 Next=255 PedalClutch=1.000 ClutchKey=0 DriveCoupling=0.000 ClutchCandidateRO=0.694 InputThrottle=0.688 Brake=0.000 NativeRPM=0.676 SpeedKmH=69.6 SignedMps=19.33 | TCS=0.00 ABS=0.00 | Sig=0 Rev=0
[2026-07-25 22:05:26.508] [INFO   ] [GEAR   ] [GearLogic.cpp:159 (GearLogic::ApplyToMemory)] NATIVE_SHIFT_REQUEST: from=2 to=3 rpm=0.519 clutch=0.284 windowMs=240
[2026-07-25 22:05:27.359] [INFO   ] [GEAR   ] [MainScript.cpp:439 (ScriptMain)] STATUS: Selected=3 MemGear=3 Next=2 PedalClutch=0.000 ClutchKey=0 DriveCoupling=1.000 ClutchCandidateRO=0.200 InputThrottle=0.735 Brake=0.000 NativeRPM=0.200 SpeedKmH=58.6 SignedMps=16.27 | TCS=0.00 ABS=0.00 | Sig=0 Rev=0
[2026-07-25 22:05:28.381] [INFO   ] [GEAR   ] [MainScript.cpp:439 (ScriptMain)] STATUS: Selected=3 MemGear=3 Next=2 PedalClutch=0.000 ClutchKey=0 DriveCoupling=1.000 ClutchCandidateRO=0.200 InputThrottle=0.898 Brake=0.000 NativeRPM=0.200 SpeedKmH=43.1 SignedMps=11.97 | TCS=0.00 ABS=0.00 | Sig=0 Rev=0
[2026-07-25 22:05:29.397] [INFO   ] [GEAR   ] [MainScript.cpp:439 (ScriptMain)] STATUS: Selected=3 MemGear=3 Next=2 PedalClutch=0.000 ClutchKey=0 DriveCoupling=1.000 ClutchCandidateRO=0.200 InputThrottle=0.962 Brake=0.000 NativeRPM=0.200 SpeedKmH=27.9 SignedMps=7.76 | TCS=0.00 ABS=0.00 | Sig=0 Rev=0
[2026-07-25 22:05:30.411] [INFO   ] [GEAR   ] [MainScript.cpp:439 (ScriptMain)] STATUS: Selected=3 MemGear=255 Next=255 PedalClutch=1.000 ClutchKey=1 DriveCoupling=0.000 ClutchCandidateRO=0.200 InputThrottle=0.942 Brake=0.000 NativeRPM=0.200 SpeedKmH=16.8 SignedMps=4.67 | TCS=0.00 ABS=0.00 | Sig=0 Rev=0
[2026-07-25 22:05:31.429] [INFO   ] [GEAR   ] [MainScript.cpp:439 (ScriptMain)] STATUS: Selected=3 MemGear=255 Next=255 PedalClutch=1.000 ClutchKey=1 DriveCoupling=0.000 ClutchCandidateRO=0.200 InputThrottle=0.979 Brake=0.000 NativeRPM=0.200 SpeedKmH=9.6 SignedMps=2.66 | TCS=0.00 ABS=0.00 | Sig=0 Rev=0
[2026-07-25 22:11:41.843] [INFO   ] [INIT   ] [ModLogger.cpp:0 (Initialize)] ========== manual-trans-w-clutch session start ==========
[2026-07-25 22:11:41.843] [INFO   ] [INIT   ] [DllMain.cpp:29 (DllMain)] DLL_PROCESS_ATTACH — registering ScriptMain with ScriptHookV
[2026-07-25 22:12:50.407] [INFO   ] [SCRIPT ] [MainScript.cpp:147 (ScriptMain)] ScriptMain started — waiting for player ped...
[2026-07-25 22:12:51.454] [INFO   ] [SCRIPT ] [MainScript.cpp:156 (ScriptMain)] Player ped ready. Initializing VehicleData...
[2026-07-25 22:12:51.454] [INFO   ] [INIT   ] [VehicleData.cpp:273 (VehicleData::Initialize)] VehicleData::Initialize — trying AOB pattern scan...
[2026-07-25 22:12:51.610] [WARN   ] [INIT   ] [VehicleData.cpp:286 (VehicleData::Initialize)] AOB failed (Could not find Gear pattern.). Trying INI fallback...
[2026-07-25 22:12:51.610] [INFO   ] [MEMORY ] [VehicleData.cpp:214 (VehicleData::LoadOffsetsFromIni)] INI versioned section [Offsets.1.0.1013.20] loaded
[2026-07-25 22:12:51.610] [INFO   ] [INIT   ] [VehicleData.cpp:293 (VehicleData::Initialize)] INI fallback OK — G=0x882 N=0x880 RPM=0x8C8 CLT=0x8CC
[2026-07-25 22:12:51.610] [INFO   ] [SCRIPT ] [MainScript.cpp:166 (ScriptMain)] VehicleData::Initialize OK. Reading config...
[2026-07-25 22:12:51.612] [INFO   ] [SCRIPT ] [MainScript.cpp:172 (ScriptMain)] Config loaded. Verbose logging: ON
[2026-07-25 22:13:13.010] [INFO   ] [INIT   ] [MainScript.cpp:239 (ScriptMain)] Mod active — src=INI build=1.0.1013.20 G=0x882 N=0x880 RPM=0x8C8 CLT=0x8CC
[2026-07-25 22:13:13.010] [INFO   ] [SCRIPT ] [MainScript.cpp:250 (ScriptMain)] Entered vehicle handle=1538 maxGear=5
[2026-07-25 22:13:13.010] [INFO   ] [SCRIPT ] [MainScript.cpp:259 (ScriptMain)] Cold start required — engine forced OFF for vehicle 1538
[2026-07-25 22:13:13.514] [INFO   ] [GEAR   ] [MainScript.cpp:439 (ScriptMain)] STATUS: Selected=0 MemGear=0 Next=0 PedalClutch=0.000 ClutchKey=0 DriveCoupling=0.000 ClutchCandidateRO=0.000 InputThrottle=0.000 Brake=0.000 NativeRPM=0.000 SpeedKmH=0.0 SignedMps=0.00 | TCS=0.00 ABS=0.00 | Sig=0 Rev=0
[2026-07-25 22:13:14.525] [INFO   ] [GEAR   ] [MainScript.cpp:439 (ScriptMain)] STATUS: Selected=0 MemGear=255 Next=255 PedalClutch=0.000 ClutchKey=0 DriveCoupling=0.000 ClutchCandidateRO=0.000 InputThrottle=0.000 Brake=0.000 NativeRPM=0.000 SpeedKmH=0.0 SignedMps=0.00 | TCS=0.00 ABS=0.00 | Sig=0 Rev=0
[2026-07-25 22:13:15.545] [INFO   ] [GEAR   ] [MainScript.cpp:439 (ScriptMain)] STATUS: Selected=0 MemGear=255 Next=255 PedalClutch=0.000 ClutchKey=0 DriveCoupling=0.000 ClutchCandidateRO=0.000 InputThrottle=0.000 Brake=0.000 NativeRPM=0.000 SpeedKmH=0.0 SignedMps=0.00 | TCS=0.00 ABS=0.00 | Sig=0 Rev=0
[2026-07-25 22:13:15.560] [INFO   ] [SCRIPT ] [MainScript.cpp:292 (ScriptMain)] Engine key → ON
[2026-07-25 22:13:16.558] [INFO   ] [GEAR   ] [MainScript.cpp:439 (ScriptMain)] STATUS: Selected=0 MemGear=255 Next=255 PedalClutch=1.000 ClutchKey=1 DriveCoupling=0.000 ClutchCandidateRO=0.200 InputThrottle=0.130 Brake=0.000 NativeRPM=0.200 SpeedKmH=0.0 SignedMps=0.00 | TCS=0.00 ABS=0.00 | Sig=0 Rev=0
[2026-07-25 22:13:17.577] [INFO   ] [GEAR   ] [MainScript.cpp:439 (ScriptMain)] STATUS: Selected=0 MemGear=255 Next=255 PedalClutch=0.000 ClutchKey=0 DriveCoupling=0.000 ClutchCandidateRO=0.200 InputThrottle=0.386 Brake=0.000 NativeRPM=0.200 SpeedKmH=0.0 SignedMps=0.00 | TCS=0.00 ABS=0.00 | Sig=0 Rev=0
[2026-07-25 22:13:18.595] [INFO   ] [GEAR   ] [MainScript.cpp:439 (ScriptMain)] STATUS: Selected=0 MemGear=255 Next=255 PedalClutch=0.000 ClutchKey=0 DriveCoupling=0.000 ClutchCandidateRO=0.200 InputThrottle=0.683 Brake=0.000 NativeRPM=0.200 SpeedKmH=0.0 SignedMps=0.00 | TCS=0.00 ABS=0.00 | Sig=0 Rev=0
[2026-07-25 22:13:19.611] [INFO   ] [GEAR   ] [MainScript.cpp:439 (ScriptMain)] STATUS: Selected=0 MemGear=255 Next=255 PedalClutch=0.000 ClutchKey=0 DriveCoupling=0.000 ClutchCandidateRO=0.200 InputThrottle=0.528 Brake=0.000 NativeRPM=0.200 SpeedKmH=0.0 SignedMps=0.00 | TCS=0.00 ABS=0.00 | Sig=0 Rev=0
[2026-07-25 22:13:20.619] [INFO   ] [GEAR   ] [MainScript.cpp:439 (ScriptMain)] STATUS: Selected=0 MemGear=255 Next=255 PedalClutch=0.000 ClutchKey=0 DriveCoupling=0.000 ClutchCandidateRO=0.200 InputThrottle=0.172 Brake=0.000 NativeRPM=0.200 SpeedKmH=0.0 SignedMps=0.00 | TCS=0.00 ABS=0.00 | Sig=0 Rev=0
[2026-07-25 22:13:21.639] [INFO   ] [GEAR   ] [MainScript.cpp:439 (ScriptMain)] STATUS: Selected=0 MemGear=255 Next=255 PedalClutch=0.000 ClutchKey=0 DriveCoupling=0.000 ClutchCandidateRO=0.200 InputThrottle=0.061 Brake=0.048 NativeRPM=0.200 SpeedKmH=0.0 SignedMps=0.00 | TCS=0.00 ABS=0.00 | Sig=0 Rev=0
[2026-07-25 22:13:22.659] [INFO   ] [GEAR   ] [MainScript.cpp:439 (ScriptMain)] STATUS: Selected=0 MemGear=255 Next=255 PedalClutch=0.000 ClutchKey=0 DriveCoupling=0.000 ClutchCandidateRO=0.200 InputThrottle=0.022 Brake=0.012 NativeRPM=0.200 SpeedKmH=0.0 SignedMps=0.00 | TCS=0.00 ABS=0.00 | Sig=0 Rev=0
[2026-07-25 22:13:23.668] [INFO   ] [GEAR   ] [MainScript.cpp:439 (ScriptMain)] STATUS: Selected=0 MemGear=255 Next=255 PedalClutch=0.000 ClutchKey=0 DriveCoupling=0.000 ClutchCandidateRO=0.200 InputThrottle=0.097 Brake=0.003 NativeRPM=0.200 SpeedKmH=0.0 SignedMps=0.00 | TCS=0.00 ABS=0.00 | Sig=0 Rev=0
[2026-07-25 22:13:24.687] [INFO   ] [GEAR   ] [MainScript.cpp:439 (ScriptMain)] STATUS: Selected=0 MemGear=255 Next=255 PedalClutch=0.000 ClutchKey=0 DriveCoupling=0.000 ClutchCandidateRO=0.200 InputThrottle=0.035 Brake=0.001 NativeRPM=0.200 SpeedKmH=0.0 SignedMps=0.00 | TCS=0.00 ABS=0.00 | Sig=0 Rev=0
[2026-07-25 22:13:25.706] [INFO   ] [GEAR   ] [MainScript.cpp:439 (ScriptMain)] STATUS: Selected=0 MemGear=255 Next=255 PedalClutch=0.000 ClutchKey=0 DriveCoupling=0.000 ClutchCandidateRO=0.200 InputThrottle=0.012 Brake=0.047 NativeRPM=0.200 SpeedKmH=0.0 SignedMps=0.00 | TCS=0.00 ABS=0.00 | Sig=0 Rev=0
[2026-07-25 22:13:26.723] [INFO   ] [GEAR   ] [MainScript.cpp:439 (ScriptMain)] STATUS: Selected=0 MemGear=255 Next=255 PedalClutch=0.000 ClutchKey=0 DriveCoupling=0.000 ClutchCandidateRO=0.200 InputThrottle=0.002 Brake=0.012 NativeRPM=0.200 SpeedKmH=0.0 SignedMps=0.00 | TCS=0.00 ABS=0.00 | Sig=0 Rev=0
[2026-07-25 22:13:27.734] [INFO   ] [GEAR   ] [MainScript.cpp:439 (ScriptMain)] STATUS: Selected=0 MemGear=255 Next=255 PedalClutch=0.000 ClutchKey=0 DriveCoupling=0.000 ClutchCandidateRO=0.200 InputThrottle=0.681 Brake=0.003 NativeRPM=0.200 SpeedKmH=0.0 SignedMps=0.00 | TCS=0.00 ABS=0.00 | Sig=0 Rev=0
[2026-07-25 22:13:28.753] [INFO   ] [GEAR   ] [MainScript.cpp:439 (ScriptMain)] STATUS: Selected=0 MemGear=255 Next=255 PedalClutch=0.000 ClutchKey=0 DriveCoupling=0.000 ClutchCandidateRO=0.200 InputThrottle=0.000 Brake=0.001 NativeRPM=0.200 SpeedKmH=0.0 SignedMps=0.00 | TCS=0.00 ABS=0.00 | Sig=0 Rev=0
[2026-07-25 22:13:29.759] [INFO   ] [GEAR   ] [MainScript.cpp:439 (ScriptMain)] STATUS: Selected=0 MemGear=255 Next=255 PedalClutch=0.000 ClutchKey=0 DriveCoupling=0.000 ClutchCandidateRO=0.200 InputThrottle=0.000 Brake=0.000 NativeRPM=0.200 SpeedKmH=0.0 SignedMps=0.00 | TCS=0.00 ABS=0.00 | Sig=0 Rev=0
[2026-07-25 22:13:30.781] [INFO   ] [GEAR   ] [MainScript.cpp:439 (ScriptMain)] STATUS: Selected=0 MemGear=255 Next=255 PedalClutch=0.000 ClutchKey=0 DriveCoupling=0.000 ClutchCandidateRO=0.200 InputThrottle=0.000 Brake=0.000 NativeRPM=0.200 SpeedKmH=0.0 SignedMps=0.00 | TCS=0.00 ABS=0.00 | Sig=0 Rev=0
[2026-07-25 22:13:31.792] [INFO   ] [GEAR   ] [MainScript.cpp:439 (ScriptMain)] STATUS: Selected=0 MemGear=255 Next=255 PedalClutch=0.000 ClutchKey=0 DriveCoupling=0.000 ClutchCandidateRO=0.200 InputThrottle=0.000 Brake=0.000 NativeRPM=0.200 SpeedKmH=0.0 SignedMps=0.00 | TCS=0.00 ABS=0.00 | Sig=0 Rev=0
[2026-07-25 22:13:32.805] [INFO   ] [GEAR   ] [MainScript.cpp:439 (ScriptMain)] STATUS: Selected=1 MemGear=255 Next=255 PedalClutch=1.000 ClutchKey=1 DriveCoupling=0.000 ClutchCandidateRO=0.200 InputThrottle=1.000 Brake=0.000 NativeRPM=0.200 SpeedKmH=0.0 SignedMps=0.00 | TCS=0.00 ABS=0.00 | Sig=0 Rev=0
[2026-07-25 22:13:33.016] [INFO   ] [GEAR   ] [GearLogic.cpp:159 (GearLogic::ApplyToMemory)] NATIVE_SHIFT_REQUEST: from=0 to=1 rpm=0.200 clutch=0.273 windowMs=240
[2026-07-25 22:13:33.829] [INFO   ] [GEAR   ] [MainScript.cpp:439 (ScriptMain)] STATUS: Selected=-1 MemGear=255 Next=255 PedalClutch=1.000 ClutchKey=1 DriveCoupling=0.000 ClutchCandidateRO=0.305 InputThrottle=0.000 Brake=0.000 NativeRPM=0.290 SpeedKmH=0.0 SignedMps=-0.00 | TCS=0.00 ABS=0.00 | Sig=0 Rev=1
[2026-07-25 22:13:34.848] [INFO   ] [GEAR   ] [MainScript.cpp:439 (ScriptMain)] STATUS: Selected=-1 MemGear=255 Next=255 PedalClutch=1.000 ClutchKey=1 DriveCoupling=0.000 ClutchCandidateRO=0.200 InputThrottle=1.000 Brake=0.000 NativeRPM=0.200 SpeedKmH=0.0 SignedMps=0.00 | TCS=0.00 ABS=0.00 | Sig=0 Rev=1
[2026-07-25 22:13:35.040] [INFO   ] [GEAR   ] [GearLogic.cpp:159 (GearLogic::ApplyToMemory)] NATIVE_SHIFT_REQUEST: from=0 to=-1 rpm=0.213 clutch=0.273 windowMs=240
[2026-07-25 22:13:35.852] [INFO   ] [GEAR   ] [MainScript.cpp:439 (ScriptMain)] STATUS: Selected=-1 MemGear=0 Next=0 PedalClutch=0.000 ClutchKey=0 DriveCoupling=1.000 ClutchCandidateRO=0.485 InputThrottle=1.000 Brake=0.000 NativeRPM=0.487 SpeedKmH=7.4 SignedMps=-1.90 | TCS=0.00 ABS=0.00 | Sig=0 Rev=1
[2026-07-25 22:13:36.878] [INFO   ] [GEAR   ] [MainScript.cpp:439 (ScriptMain)] STATUS: Selected=1 MemGear=255 Next=255 PedalClutch=1.000 ClutchKey=1 DriveCoupling=0.000 ClutchCandidateRO=0.394 InputThrottle=1.000 Brake=0.000 NativeRPM=0.410 SpeedKmH=0.0 SignedMps=0.01 | TCS=0.00 ABS=0.00 | Sig=0 Rev=0
[2026-07-25 22:13:37.058] [INFO   ] [GEAR   ] [GearLogic.cpp:159 (GearLogic::ApplyToMemory)] NATIVE_SHIFT_REQUEST: from=0 to=1 rpm=0.437 clutch=0.273 windowMs=240
[2026-07-25 22:13:37.885] [INFO   ] [GEAR   ] [MainScript.cpp:439 (ScriptMain)] STATUS: Selected=1 MemGear=255 Next=255 PedalClutch=1.000 ClutchKey=1 DriveCoupling=0.000 ClutchCandidateRO=0.344 InputThrottle=1.000 Brake=0.000 NativeRPM=0.358 SpeedKmH=0.1 SignedMps=-0.00 | TCS=0.00 ABS=0.00 | Sig=0 Rev=0
[2026-07-25 22:13:38.899] [INFO   ] [GEAR   ] [MainScript.cpp:439 (ScriptMain)] STATUS: Selected=1 MemGear=1 Next=1 PedalClutch=0.000 ClutchKey=0 DriveCoupling=1.000 ClutchCandidateRO=0.396 InputThrottle=1.000 Brake=0.000 NativeRPM=0.412 SpeedKmH=1.5 SignedMps=0.39 | TCS=0.00 ABS=0.00 | Sig=0 Rev=0
[2026-07-25 22:13:39.922] [INFO   ] [GEAR   ] [MainScript.cpp:439 (ScriptMain)] STATUS: Selected=1 MemGear=1 Next=1 PedalClutch=0.000 ClutchKey=0 DriveCoupling=1.000 ClutchCandidateRO=0.644 InputThrottle=0.000 Brake=0.000 NativeRPM=0.629 SpeedKmH=11.1 SignedMps=2.96 | TCS=0.00 ABS=0.00 | Sig=0 Rev=0
[2026-07-25 22:13:40.941] [INFO   ] [GEAR   ] [MainScript.cpp:439 (ScriptMain)] STATUS: Selected=1 MemGear=1 Next=1 PedalClutch=0.000 ClutchKey=0 DriveCoupling=1.000 ClutchCandidateRO=0.200 InputThrottle=0.000 Brake=0.000 NativeRPM=0.200 SpeedKmH=0.1 SignedMps=0.02 | TCS=0.00 ABS=0.00 | Sig=0 Rev=0
[2026-07-25 22:13:41.956] [INFO   ] [GEAR   ] [MainScript.cpp:439 (ScriptMain)] STATUS: Selected=1 MemGear=1 Next=1 PedalClutch=0.000 ClutchKey=0 DriveCoupling=1.000 ClutchCandidateRO=0.200 InputThrottle=0.000 Brake=0.056 NativeRPM=0.200 SpeedKmH=0.0 SignedMps=0.00 | TCS=0.00 ABS=0.00 | Sig=0 Rev=0
[2026-07-25 22:13:42.016] [WARN   ] [GEAR   ] [MainScript.cpp:511 (ScriptMain)] Gear grind: gear=1 clutch=0.000 rpm=0.2000
[2026-07-25 22:13:42.971] [INFO   ] [GEAR   ] [MainScript.cpp:439 (ScriptMain)] STATUS: Selected=1 MemGear=1 Next=1 PedalClutch=0.000 ClutchKey=0 DriveCoupling=1.000 ClutchCandidateRO=0.547 InputThrottle=0.000 Brake=0.014 NativeRPM=0.562 SpeedKmH=0.0 SignedMps=0.00 | TCS=0.00 ABS=0.00 | Sig=0 Rev=0
[2026-07-25 22:13:43.548] [INFO   ] [GEAR   ] [GearLogic.cpp:159 (GearLogic::ApplyToMemory)] NATIVE_SHIFT_REQUEST: from=1 to=2 rpm=0.200 clutch=0.273 windowMs=240
[2026-07-25 22:13:43.989] [INFO   ] [GEAR   ] [MainScript.cpp:439 (ScriptMain)] STATUS: Selected=2 MemGear=2 Next=1 PedalClutch=0.000 ClutchKey=0 DriveCoupling=1.000 ClutchCandidateRO=0.627 InputThrottle=1.000 Brake=0.004 NativeRPM=0.641 SpeedKmH=0.9 SignedMps=0.24 | TCS=0.00 ABS=0.00 | Sig=0 Rev=0
[2026-07-25 22:13:44.992] [INFO   ] [GEAR   ] [MainScript.cpp:439 (ScriptMain)] STATUS: Selected=2 MemGear=2 Next=1 PedalClutch=0.000 ClutchKey=0 DriveCoupling=1.000 ClutchCandidateRO=0.572 InputThrottle=0.997 Brake=0.001 NativeRPM=0.587 SpeedKmH=0.1 SignedMps=0.03 | TCS=0.00 ABS=0.00 | Sig=0 Rev=0
[2026-07-25 22:13:46.015] [INFO   ] [GEAR   ] [MainScript.cpp:439 (ScriptMain)] STATUS: Selected=2 MemGear=2 Next=1 PedalClutch=0.000 ClutchKey=0 DriveCoupling=1.000 ClutchCandidateRO=0.907 InputThrottle=1.000 Brake=0.000 NativeRPM=0.907 SpeedKmH=3.8 SignedMps=0.99 | TCS=0.00 ABS=0.00 | Sig=0 Rev=0
[2026-07-25 22:13:47.025] [INFO   ] [GEAR   ] [MainScript.cpp:439 (ScriptMain)] STATUS: Selected=2 MemGear=2 Next=1 PedalClutch=0.000 ClutchKey=0 DriveCoupling=1.000 ClutchCandidateRO=0.914 InputThrottle=1.000 Brake=0.000 NativeRPM=0.914 SpeedKmH=7.6 SignedMps=2.06 | TCS=0.00 ABS=0.00 | Sig=0 Rev=0
[2026-07-25 22:13:48.040] [INFO   ] [GEAR   ] [MainScript.cpp:439 (ScriptMain)] STATUS: Selected=2 MemGear=2 Next=1 PedalClutch=0.000 ClutchKey=0 DriveCoupling=1.000 ClutchCandidateRO=0.921 InputThrottle=1.000 Brake=0.000 NativeRPM=0.922 SpeedKmH=11.4 SignedMps=3.15 | TCS=0.00 ABS=0.00 | Sig=0 Rev=0
[2026-07-25 22:13:49.059] [INFO   ] [GEAR   ] [MainScript.cpp:439 (ScriptMain)] STATUS: Selected=2 MemGear=2 Next=1 PedalClutch=0.000 ClutchKey=0 DriveCoupling=1.000 ClutchCandidateRO=0.939 InputThrottle=1.000 Brake=0.000 NativeRPM=0.923 SpeedKmH=8.5 SignedMps=2.36 | TCS=0.00 ABS=0.00 | Sig=0 Rev=0
[2026-07-25 22:13:50.077] [INFO   ] [GEAR   ] [MainScript.cpp:439 (ScriptMain)] STATUS: Selected=1 MemGear=255 Next=255 PedalClutch=1.000 ClutchKey=0 DriveCoupling=0.000 ClutchCandidateRO=1.000 InputThrottle=0.000 Brake=0.000 NativeRPM=1.000 SpeedKmH=9.0 SignedMps=2.50 | TCS=0.00 ABS=0.00 | Sig=0 Rev=0
[2026-07-25 22:13:50.156] [INFO   ] [GEAR   ] [GearLogic.cpp:159 (GearLogic::ApplyToMemory)] NATIVE_SHIFT_REQUEST: from=2 to=1 rpm=1.000 clutch=0.284 windowMs=240
[2026-07-25 22:13:51.104] [INFO   ] [GEAR   ] [MainScript.cpp:439 (ScriptMain)] STATUS: Selected=1 MemGear=1 Next=1 PedalClutch=0.000 ClutchKey=0 DriveCoupling=1.000 ClutchCandidateRO=0.578 InputThrottle=1.000 Brake=0.000 NativeRPM=0.595 SpeedKmH=30.8 SignedMps=8.56 | TCS=0.00 ABS=0.00 | Sig=0 Rev=0
[2026-07-25 22:13:52.123] [INFO   ] [GEAR   ] [MainScript.cpp:439 (ScriptMain)] STATUS: Selected=1 MemGear=1 Next=1 PedalClutch=0.000 ClutchKey=0 DriveCoupling=0.996 ClutchCandidateRO=0.931 InputThrottle=0.000 Brake=0.000 NativeRPM=0.915 SpeedKmH=30.7 SignedMps=8.40 | TCS=0.00 ABS=0.00 | Sig=0 Rev=0
[2026-07-25 22:13:53.146] [INFO   ] [GEAR   ] [MainScript.cpp:439 (ScriptMain)] STATUS: Selected=1 MemGear=1 Next=2 PedalClutch=0.000 ClutchKey=0 DriveCoupling=1.000 ClutchCandidateRO=0.909 InputThrottle=1.000 Brake=0.000 NativeRPM=0.894 SpeedKmH=42.7 SignedMps=11.85 | TCS=0.00 ABS=0.00 | Sig=0 Rev=0
[2026-07-25 22:13:53.859] [INFO   ] [GEAR   ] [GearLogic.cpp:159 (GearLogic::ApplyToMemory)] NATIVE_SHIFT_REQUEST: from=1 to=2 rpm=1.000 clutch=0.273 windowMs=240
[2026-07-25 22:13:54.160] [INFO   ] [GEAR   ] [MainScript.cpp:439 (ScriptMain)] STATUS: Selected=2 MemGear=2 Next=2 PedalClutch=0.000 ClutchKey=0 DriveCoupling=1.000 ClutchCandidateRO=0.715 InputThrottle=1.000 Brake=0.000 NativeRPM=0.700 SpeedKmH=43.5 SignedMps=12.07 | TCS=0.00 ABS=0.00 | Sig=0 Rev=0
[2026-07-25 22:13:55.176] [INFO   ] [GEAR   ] [MainScript.cpp:439 (ScriptMain)] STATUS: Selected=2 MemGear=2 Next=2 PedalClutch=0.000 ClutchKey=0 DriveCoupling=1.000 ClutchCandidateRO=0.649 InputThrottle=1.000 Brake=0.000 NativeRPM=0.651 SpeedKmH=58.5 SignedMps=16.24 | TCS=0.00 ABS=0.00 | Sig=0 Rev=0
[2026-07-25 22:13:56.181] [INFO   ] [GEAR   ] [MainScript.cpp:439 (ScriptMain)] STATUS: Selected=2 MemGear=2 Next=2 PedalClutch=0.000 ClutchKey=0 DriveCoupling=1.000 ClutchCandidateRO=0.791 InputThrottle=1.000 Brake=0.000 NativeRPM=0.793 SpeedKmH=71.1 SignedMps=19.74 | TCS=0.00 ABS=0.00 | Sig=0 Rev=0
[2026-07-25 22:13:57.199] [INFO   ] [GEAR   ] [MainScript.cpp:439 (ScriptMain)] STATUS: Selected=2 MemGear=2 Next=2 PedalClutch=0.000 ClutchKey=0 DriveCoupling=1.000 ClutchCandidateRO=0.918 InputThrottle=1.000 Brake=0.000 NativeRPM=0.929 SpeedKmH=82.6 SignedMps=22.93 | TCS=0.00 ABS=0.00 | Sig=0 Rev=0
[2026-07-25 22:13:58.153] [INFO   ] [GEAR   ] [GearLogic.cpp:159 (GearLogic::ApplyToMemory)] NATIVE_SHIFT_REQUEST: from=2 to=3 rpm=1.000 clutch=0.284 windowMs=240
[2026-07-25 22:13:58.215] [INFO   ] [GEAR   ] [MainScript.cpp:439 (ScriptMain)] STATUS: Selected=3 MemGear=3 Next=3 PedalClutch=0.000 ClutchKey=0 DriveCoupling=0.995 ClutchCandidateRO=0.954 InputThrottle=1.000 Brake=0.000 NativeRPM=0.938 SpeedKmH=80.7 SignedMps=22.42 | TCS=0.00 ABS=0.00 | Sig=0 Rev=0
[2026-07-25 22:13:59.228] [INFO   ] [GEAR   ] [MainScript.cpp:439 (ScriptMain)] STATUS: Selected=3 MemGear=3 Next=3 PedalClutch=0.000 ClutchKey=0 DriveCoupling=1.000 ClutchCandidateRO=0.701 InputThrottle=1.000 Brake=0.000 NativeRPM=0.701 SpeedKmH=89.3 SignedMps=24.80 | TCS=0.00 ABS=0.00 | Sig=0 Rev=0
[2026-07-25 22:14:00.258] [INFO   ] [GEAR   ] [MainScript.cpp:439 (ScriptMain)] STATUS: Selected=3 MemGear=3 Next=3 PedalClutch=0.000 ClutchKey=0 DriveCoupling=1.000 ClutchCandidateRO=0.769 InputThrottle=1.000 Brake=0.000 NativeRPM=0.769 SpeedKmH=97.9 SignedMps=27.18 | TCS=0.00 ABS=0.00 | Sig=0 Rev=0
[2026-07-25 22:14:01.273] [INFO   ] [GEAR   ] [MainScript.cpp:439 (ScriptMain)] STATUS: Selected=3 MemGear=3 Next=3 PedalClutch=0.000 ClutchKey=0 DriveCoupling=1.000 ClutchCandidateRO=0.772 InputThrottle=0.000 Brake=0.000 NativeRPM=0.770 SpeedKmH=98.5 SignedMps=27.36 | TCS=0.00 ABS=0.00 | Sig=0 Rev=0
[2026-07-25 22:14:02.278] [INFO   ] [GEAR   ] [MainScript.cpp:439 (ScriptMain)] STATUS: Selected=3 MemGear=3 Next=3 PedalClutch=0.000 ClutchKey=0 DriveCoupling=1.000 ClutchCandidateRO=0.853 InputThrottle=1.000 Brake=0.000 NativeRPM=0.856 SpeedKmH=107.3 SignedMps=29.81 | TCS=0.00 ABS=0.00 | Sig=0 Rev=0
[2026-07-25 22:14:03.309] [INFO   ] [GEAR   ] [MainScript.cpp:439 (ScriptMain)] STATUS: Selected=3 MemGear=3 Next=3 PedalClutch=0.000 ClutchKey=0 DriveCoupling=1.000 ClutchCandidateRO=0.838 InputThrottle=0.000 Brake=0.000 NativeRPM=0.836 SpeedKmH=107.2 SignedMps=29.77 | TCS=0.00 ABS=0.00 | Sig=0 Rev=0
[2026-07-25 22:14:04.338] [INFO   ] [GEAR   ] [MainScript.cpp:439 (ScriptMain)] STATUS: Selected=3 MemGear=3 Next=3 PedalClutch=0.000 ClutchKey=0 DriveCoupling=1.000 ClutchCandidateRO=0.722 InputThrottle=0.000 Brake=0.000 NativeRPM=0.720 SpeedKmH=92.3 SignedMps=25.64 | TCS=0.00 ABS=0.00 | Sig=0 Rev=0
[2026-07-25 22:14:05.365] [INFO   ] [GEAR   ] [MainScript.cpp:439 (ScriptMain)] STATUS: Selected=3 MemGear=3 Next=3 PedalClutch=0.000 ClutchKey=0 DriveCoupling=1.000 ClutchCandidateRO=0.684 InputThrottle=1.000 Brake=0.000 NativeRPM=0.685 SpeedKmH=87.2 SignedMps=24.21 | TCS=0.00 ABS=0.00 | Sig=0 Rev=0
[2026-07-25 22:14:06.373] [INFO   ] [GEAR   ] [MainScript.cpp:439 (ScriptMain)] STATUS: Selected=3 MemGear=3 Next=3 PedalClutch=0.000 ClutchKey=0 DriveCoupling=1.000 ClutchCandidateRO=0.621 InputThrottle=0.000 Brake=0.000 NativeRPM=0.618 SpeedKmH=79.4 SignedMps=22.04 | TCS=0.00 ABS=0.00 | Sig=0 Rev=0
[2026-07-25 22:14:07.387] [INFO   ] [GEAR   ] [MainScript.cpp:439 (ScriptMain)] STATUS: Selected=3 MemGear=3 Next=3 PedalClutch=0.000 ClutchKey=0 DriveCoupling=1.000 ClutchCandidateRO=0.512 InputThrottle=0.000 Brake=0.000 NativeRPM=0.511 SpeedKmH=65.5 SignedMps=18.18 | TCS=0.00 ABS=0.00 | Sig=0 Rev=0
[2026-07-25 22:14:08.404] [INFO   ] [GEAR   ] [MainScript.cpp:439 (ScriptMain)] STATUS: Selected=3 MemGear=3 Next=2 PedalClutch=0.000 ClutchKey=0 DriveCoupling=1.000 ClutchCandidateRO=0.306 InputThrottle=1.000 Brake=0.000 NativeRPM=0.290 SpeedKmH=52.2 SignedMps=14.50 | TCS=0.00 ABS=0.00 | Sig=0 Rev=0
[2026-07-25 22:14:09.292] [WARN   ] [GEAR   ] [MainScript.cpp:511 (ScriptMain)] Gear grind: gear=3 clutch=0.000 rpm=0.2000
[2026-07-25 22:14:09.422] [INFO   ] [GEAR   ] [MainScript.cpp:439 (ScriptMain)] STATUS: Selected=3 MemGear=255 Next=255 PedalClutch=1.000 ClutchKey=0 DriveCoupling=0.000 ClutchCandidateRO=0.297 InputThrottle=0.000 Brake=0.000 NativeRPM=0.314 SpeedKmH=38.9 SignedMps=10.80 | TCS=0.00 ABS=0.00 | Sig=0 Rev=0
[2026-07-25 22:14:10.440] [INFO   ] [GEAR   ] [MainScript.cpp:439 (ScriptMain)] STATUS: Selected=3 MemGear=255 Next=255 PedalClutch=1.000 ClutchKey=1 DriveCoupling=0.000 ClutchCandidateRO=0.233 InputThrottle=0.000 Brake=0.000 NativeRPM=0.250 SpeedKmH=26.9 SignedMps=7.46 | TCS=0.00 ABS=0.00 | Sig=0 Rev=0
[2026-07-25 22:14:11.330] [INFO   ] [GEAR   ] [GearLogic.cpp:159 (GearLogic::ApplyToMemory)] NATIVE_SHIFT_REQUEST: from=3 to=2 rpm=0.641 clutch=0.273 windowMs=240
[2026-07-25 22:14:11.448] [INFO   ] [GEAR   ] [MainScript.cpp:439 (ScriptMain)] STATUS: Selected=2 MemGear=2 Next=1 PedalClutch=0.000 ClutchKey=0 DriveCoupling=1.000 ClutchCandidateRO=0.740 InputThrottle=1.000 Brake=0.000 NativeRPM=0.757 SpeedKmH=17.1 SignedMps=4.74 | TCS=0.00 ABS=0.00 | Sig=0 Rev=0
[2026-07-25 22:14:12.478] [INFO   ] [GEAR   ] [MainScript.cpp:439 (ScriptMain)] STATUS: Selected=2 MemGear=2 Next=2 PedalClutch=1.000 ClutchKey=1 DriveCoupling=1.000 ClutchCandidateRO=0.770 InputThrottle=0.000 Brake=0.000 NativeRPM=0.754 SpeedKmH=18.9 SignedMps=5.24 | TCS=0.00 ABS=0.00 | Sig=0 Rev=0
[2026-07-25 22:14:12.751] [INFO   ] [GEAR   ] [GearLogic.cpp:159 (GearLogic::ApplyToMemory)] NATIVE_SHIFT_REQUEST: from=2 to=1 rpm=1.000 clutch=0.273 windowMs=240
[2026-07-25 22:14:13.485] [INFO   ] [GEAR   ] [MainScript.cpp:439 (ScriptMain)] STATUS: Selected=1 MemGear=1 Next=1 PedalClutch=0.000 ClutchKey=0 DriveCoupling=1.000 ClutchCandidateRO=0.745 InputThrottle=1.000 Brake=0.000 NativeRPM=0.758 SpeedKmH=39.3 SignedMps=10.91 | TCS=0.00 ABS=0.00 | Sig=0 Rev=0
[2026-07-25 22:14:14.500] [INFO   ] [GEAR   ] [MainScript.cpp:439 (ScriptMain)] STATUS: Selected=2 MemGear=255 Next=255 PedalClutch=1.000 ClutchKey=0 DriveCoupling=0.000 ClutchCandidateRO=0.999 InputThrottle=0.000 Brake=0.000 NativeRPM=1.000 SpeedKmH=40.9 SignedMps=11.36 | TCS=0.00 ABS=0.00 | Sig=0 Rev=0
[2026-07-25 22:14:14.636] [INFO   ] [GEAR   ] [GearLogic.cpp:159 (GearLogic::ApplyToMemory)] NATIVE_SHIFT_REQUEST: from=1 to=2 rpm=1.000 clutch=0.273 windowMs=240
[2026-07-25 22:14:15.525] [INFO   ] [GEAR   ] [MainScript.cpp:439 (ScriptMain)] STATUS: Selected=2 MemGear=2 Next=2 PedalClutch=0.000 ClutchKey=0 DriveCoupling=1.000 ClutchCandidateRO=0.594 InputThrottle=1.000 Brake=0.000 NativeRPM=0.595 SpeedKmH=53.5 SignedMps=14.87 | TCS=0.00 ABS=0.00 | Sig=0 Rev=0
[2026-07-25 22:14:16.548] [INFO   ] [GEAR   ] [MainScript.cpp:439 (ScriptMain)] STATUS: Selected=2 MemGear=2 Next=2 PedalClutch=0.000 ClutchKey=0 DriveCoupling=1.000 ClutchCandidateRO=0.753 InputThrottle=1.000 Brake=0.000 NativeRPM=0.754 SpeedKmH=67.3 SignedMps=18.70 | TCS=0.00 ABS=0.00 | Sig=0 Rev=0
[2026-07-25 22:14:17.568] [INFO   ] [GEAR   ] [MainScript.cpp:439 (ScriptMain)] STATUS: Selected=2 MemGear=2 Next=2 PedalClutch=0.000 ClutchKey=0 DriveCoupling=1.000 ClutchCandidateRO=0.861 InputThrottle=1.000 Brake=0.000 NativeRPM=0.862 SpeedKmH=77.2 SignedMps=21.42 | TCS=0.00 ABS=0.00 | Sig=0 Rev=0
[2026-07-25 22:14:18.579] [INFO   ] [GEAR   ] [MainScript.cpp:439 (ScriptMain)] STATUS: Selected=2 MemGear=2 Next=2 PedalClutch=0.000 ClutchKey=0 DriveCoupling=1.000 ClutchCandidateRO=0.975 InputThrottle=1.000 Brake=0.000 NativeRPM=0.976 SpeedKmH=87.6 SignedMps=24.32 | TCS=0.00 ABS=0.00 | Sig=0 Rev=0
[2026-07-25 22:14:19.171] [INFO   ] [GEAR   ] [GearLogic.cpp:159 (GearLogic::ApplyToMemory)] NATIVE_SHIFT_REQUEST: from=2 to=3 rpm=0.927 clutch=0.273 windowMs=240
[2026-07-25 22:14:19.596] [INFO   ] [GEAR   ] [MainScript.cpp:439 (ScriptMain)] STATUS: Selected=3 MemGear=3 Next=3 PedalClutch=0.000 ClutchKey=0 DriveCoupling=1.000 ClutchCandidateRO=0.658 InputThrottle=1.000 Brake=0.000 NativeRPM=0.659 SpeedKmH=83.8 SignedMps=23.27 | TCS=0.00 ABS=0.00 | Sig=0 Rev=0
[2026-07-25 22:14:20.298] [INFO   ] [GEAR   ] [GearLogic.cpp:159 (GearLogic::ApplyToMemory)] NATIVE_SHIFT_REQUEST: from=3 to=2 rpm=0.915 clutch=0.273 windowMs=240
[2026-07-25 22:14:20.610] [INFO   ] [GEAR   ] [MainScript.cpp:439 (ScriptMain)] STATUS: Selected=2 MemGear=2 Next=2 PedalClutch=0.000 ClutchKey=0 DriveCoupling=1.000 ClutchCandidateRO=0.841 InputThrottle=0.000 Brake=0.000 NativeRPM=0.839 SpeedKmH=75.9 SignedMps=21.09 | TCS=0.00 ABS=0.00 | Sig=0 Rev=0
[2026-07-25 22:14:21.623] [INFO   ] [GEAR   ] [MainScript.cpp:439 (ScriptMain)] STATUS: Selected=2 MemGear=2 Next=2 PedalClutch=0.000 ClutchKey=0 DriveCoupling=1.000 ClutchCandidateRO=0.886 InputThrottle=1.000 Brake=0.000 NativeRPM=0.886 SpeedKmH=79.6 SignedMps=22.10 | TCS=0.00 ABS=0.00 | Sig=0 Rev=0
[2026-07-25 22:14:22.640] [INFO   ] [GEAR   ] [MainScript.cpp:439 (ScriptMain)] STATUS: Selected=2 MemGear=2 Next=2 PedalClutch=0.000 ClutchKey=0 DriveCoupling=1.000 ClutchCandidateRO=0.925 InputThrottle=1.000 Brake=0.000 NativeRPM=0.941 SpeedKmH=86.4 SignedMps=24.01 | TCS=0.00 ABS=0.00 | Sig=0 Rev=0
[2026-07-25 22:14:23.658] [INFO   ] [GEAR   ] [MainScript.cpp:439 (ScriptMain)] STATUS: Selected=2 MemGear=2 Next=2 PedalClutch=0.000 ClutchKey=0 DriveCoupling=1.000 ClutchCandidateRO=0.847 InputThrottle=1.000 Brake=0.000 NativeRPM=0.848 SpeedKmH=76.1 SignedMps=21.14 | TCS=0.00 ABS=0.00 | Sig=0 Rev=0
[2026-07-25 22:14:24.671] [INFO   ] [GEAR   ] [MainScript.cpp:439 (ScriptMain)] STATUS: Selected=2 MemGear=2 Next=2 PedalClutch=0.000 ClutchKey=0 DriveCoupling=1.000 ClutchCandidateRO=0.951 InputThrottle=1.000 Brake=0.000 NativeRPM=0.953 SpeedKmH=85.3 SignedMps=23.68 | TCS=0.00 ABS=0.00 | Sig=0 Rev=0
[2026-07-25 22:14:25.697] [INFO   ] [GEAR   ] [MainScript.cpp:439 (ScriptMain)] STATUS: Selected=2 MemGear=2 Next=2 PedalClutch=0.000 ClutchKey=0 DriveCoupling=1.000 ClutchCandidateRO=0.944 InputThrottle=1.000 Brake=0.000 NativeRPM=0.925 SpeedKmH=87.0 SignedMps=24.17 | TCS=0.00 ABS=0.00 | Sig=0 Rev=0
[2026-07-25 22:14:26.707] [INFO   ] [GEAR   ] [MainScript.cpp:439 (ScriptMain)] STATUS: Selected=2 MemGear=2 Next=2 PedalClutch=0.000 ClutchKey=0 DriveCoupling=1.000 ClutchCandidateRO=0.925 InputThrottle=1.000 Brake=0.000 NativeRPM=0.942 SpeedKmH=86.4 SignedMps=23.99 | TCS=0.00 ABS=0.00 | Sig=0 Rev=0
[2026-07-25 22:14:27.716] [INFO   ] [GEAR   ] [MainScript.cpp:439 (ScriptMain)] STATUS: Selected=2 MemGear=2 Next=2 PedalClutch=0.000 ClutchKey=0 DriveCoupling=1.000 ClutchCandidateRO=0.775 InputThrottle=1.000 Brake=0.000 NativeRPM=0.758 SpeedKmH=84.6 SignedMps=23.51 | TCS=0.00 ABS=0.00 | Sig=0 Rev=0
[2026-07-25 22:14:28.730] [INFO   ] [GEAR   ] [MainScript.cpp:439 (ScriptMain)] STATUS: Selected=2 MemGear=2 Next=2 PedalClutch=0.000 ClutchKey=0 DriveCoupling=1.000 ClutchCandidateRO=0.786 InputThrottle=1.000 Brake=0.000 NativeRPM=0.770 SpeedKmH=84.9 SignedMps=23.58 | TCS=0.00 ABS=0.00 | Sig=0 Rev=0
[2026-07-25 22:14:29.752] [INFO   ] [GEAR   ] [MainScript.cpp:439 (ScriptMain)] STATUS: Selected=2 MemGear=2 Next=2 PedalClutch=0.000 ClutchKey=0 DriveCoupling=1.000 ClutchCandidateRO=0.976 InputThrottle=1.000 Brake=0.000 NativeRPM=0.978 SpeedKmH=87.5 SignedMps=24.30 | TCS=0.00 ABS=0.00 | Sig=0 Rev=0
[2026-07-25 22:14:30.170] [INFO   ] [GEAR   ] [GearLogic.cpp:159 (GearLogic::ApplyToMemory)] NATIVE_SHIFT_REQUEST: from=2 to=3 rpm=1.000 clutch=0.273 windowMs=240
[2026-07-25 22:14:30.761] [INFO   ] [GEAR   ] [MainScript.cpp:439 (ScriptMain)] STATUS: Selected=3 MemGear=3 Next=3 PedalClutch=0.000 ClutchKey=0 DriveCoupling=1.000 ClutchCandidateRO=0.673 InputThrottle=1.000 Brake=0.000 NativeRPM=0.675 SpeedKmH=86.1 SignedMps=23.91 | TCS=0.00 ABS=0.00 | Sig=0 Rev=0
[2026-07-25 22:14:31.783] [INFO   ] [GEAR   ] [MainScript.cpp:439 (ScriptMain)] STATUS: Selected=4 MemGear=255 Next=255 PedalClutch=1.000 ClutchKey=1 DriveCoupling=0.000 ClutchCandidateRO=0.745 InputThrottle=0.008 Brake=0.000 NativeRPM=0.761 SpeedKmH=94.1 SignedMps=26.15 | TCS=0.00 ABS=0.00 | Sig=0 Rev=0
[2026-07-25 22:14:32.037] [INFO   ] [GEAR   ] [GearLogic.cpp:159 (GearLogic::ApplyToMemory)] NATIVE_SHIFT_REQUEST: from=3 to=4 rpm=0.980 clutch=0.284 windowMs=240
[2026-07-25 22:14:32.795] [INFO   ] [GEAR   ] [MainScript.cpp:439 (ScriptMain)] STATUS: Selected=4 MemGear=4 Next=3 PedalClutch=0.000 ClutchKey=0 DriveCoupling=1.000 ClutchCandidateRO=0.239 InputThrottle=1.000 Brake=0.000 NativeRPM=0.223 SpeedKmH=79.1 SignedMps=21.97 | TCS=0.00 ABS=0.00 | Sig=0 Rev=0
[2026-07-25 22:14:33.811] [INFO   ] [GEAR   ] [MainScript.cpp:439 (ScriptMain)] STATUS: Selected=4 MemGear=4 Next=3 PedalClutch=0.000 ClutchKey=0 DriveCoupling=1.000 ClutchCandidateRO=0.200 InputThrottle=1.000 Brake=0.000 NativeRPM=0.200 SpeedKmH=65.3 SignedMps=18.13 | TCS=0.00 ABS=0.00 | Sig=0 Rev=0
[2026-07-25 22:14:34.824] [INFO   ] [GEAR   ] [MainScript.cpp:439 (ScriptMain)] STATUS: Selected=4 MemGear=4 Next=3 PedalClutch=0.000 ClutchKey=0 DriveCoupling=1.000 ClutchCandidateRO=0.200 InputThrottle=1.000 Brake=0.000 NativeRPM=0.200 SpeedKmH=52.4 SignedMps=14.56 | TCS=0.00 ABS=0.00 | Sig=0 Rev=0
[2026-07-25 22:14:35.585] [INFO   ] [GEAR   ] [GearLogic.cpp:159 (GearLogic::ApplyToMemory)] NATIVE_SHIFT_REQUEST: from=4 to=3 rpm=0.519 clutch=0.273 windowMs=240
[2026-07-25 22:14:35.840] [INFO   ] [GEAR   ] [MainScript.cpp:439 (ScriptMain)] STATUS: Selected=3 MemGear=3 Next=2 PedalClutch=0.000 ClutchKey=0 DriveCoupling=1.000 ClutchCandidateRO=0.281 InputThrottle=1.000 Brake=0.000 NativeRPM=0.264 SpeedKmH=40.0 SignedMps=11.10 | TCS=0.00 ABS=0.00 | Sig=0 Rev=0
[2026-07-25 22:14:36.338] [INFO   ] [GEAR   ] [GearLogic.cpp:159 (GearLogic::ApplyToMemory)] NATIVE_SHIFT_REQUEST: from=3 to=2 rpm=0.456 clutch=0.273 windowMs=240
[2026-07-25 22:14:36.867] [INFO   ] [GEAR   ] [MainScript.cpp:439 (ScriptMain)] STATUS: Selected=2 MemGear=2 Next=2 PedalClutch=0.000 ClutchKey=0 DriveCoupling=1.000 ClutchCandidateRO=0.452 InputThrottle=1.000 Brake=0.000 NativeRPM=0.455 SpeedKmH=41.0 SignedMps=11.39 | TCS=0.00 ABS=0.00 | Sig=0 Rev=0
[2026-07-25 22:14:37.874] [INFO   ] [GEAR   ] [MainScript.cpp:439 (ScriptMain)] STATUS: Selected=2 MemGear=2 Next=2 PedalClutch=0.000 ClutchKey=0 DriveCoupling=0.996 ClutchCandidateRO=0.926 InputThrottle=0.000 Brake=0.000 NativeRPM=0.910 SpeedKmH=32.8 SignedMps=9.11 | TCS=0.00 ABS=0.00 | Sig=0 Rev=0
[2026-07-25 22:14:38.898] [INFO   ] [GEAR   ] [MainScript.cpp:439 (ScriptMain)] STATUS: Selected=2 MemGear=255 Next=255 PedalClutch=1.000 ClutchKey=1 DriveCoupling=0.000 ClutchCandidateRO=1.000 InputThrottle=1.000 Brake=0.000 NativeRPM=1.000 SpeedKmH=21.1 SignedMps=5.86 | TCS=0.00 ABS=0.00 | Sig=0 Rev=0
[2026-07-25 22:14:39.805] [INFO   ] [GEAR   ] [GearLogic.cpp:159 (GearLogic::ApplyToMemory)] NATIVE_SHIFT_REQUEST: from=2 to=1 rpm=1.000 clutch=0.273 windowMs=240
[2026-07-25 22:14:39.902] [INFO   ] [GEAR   ] [MainScript.cpp:439 (ScriptMain)] STATUS: Selected=1 MemGear=1 Next=1 PedalClutch=0.000 ClutchKey=0 DriveCoupling=1.000 ClutchCandidateRO=0.919 InputThrottle=1.000 Brake=0.000 NativeRPM=0.903 SpeedKmH=12.5 SignedMps=3.47 | TCS=0.00 ABS=0.00 | Sig=0 Rev=0
[2026-07-25 22:14:40.921] [INFO   ] [GEAR   ] [MainScript.cpp:439 (ScriptMain)] STATUS: Selected=1 MemGear=255 Next=255 PedalClutch=1.000 ClutchKey=1 DriveCoupling=0.000 ClutchCandidateRO=0.489 InputThrottle=1.000 Brake=0.000 NativeRPM=0.507 SpeedKmH=21.3 SignedMps=5.91 | TCS=0.00 ABS=0.00 | Sig=0 Rev=0
[2026-07-25 22:14:41.937] [INFO   ] [GEAR   ] [MainScript.cpp:439 (ScriptMain)] STATUS: Selected=1 MemGear=255 Next=255 PedalClutch=1.000 ClutchKey=1 DriveCoupling=0.000 ClutchCandidateRO=1.000 InputThrottle=1.000 Brake=0.000 NativeRPM=1.000 SpeedKmH=9.6 SignedMps=2.67 | TCS=0.00 ABS=0.00 | Sig=0 Rev=0
[2026-07-25 22:14:42.955] [INFO   ] [GEAR   ] [MainScript.cpp:439 (ScriptMain)] STATUS: Selected=1 MemGear=1 Next=1 PedalClutch=0.000 ClutchKey=0 DriveCoupling=1.000 ClutchCandidateRO=0.710 InputThrottle=0.000 Brake=0.000 NativeRPM=0.693 SpeedKmH=0.1 SignedMps=-0.01 | TCS=0.00 ABS=0.00 | Sig=0 Rev=0
[2026-07-25 22:14:43.000] [WARN   ] [GEAR   ] [MainScript.cpp:511 (ScriptMain)] Gear grind: gear=1 clutch=0.000 rpm=0.6452
[2026-07-25 22:14:43.971] [INFO   ] [GEAR   ] [MainScript.cpp:439 (ScriptMain)] STATUS: Selected=1 MemGear=1 Next=1 PedalClutch=0.000 ClutchKey=0 DriveCoupling=1.000 ClutchCandidateRO=0.465 InputThrottle=1.000 Brake=0.000 NativeRPM=0.461 SpeedKmH=8.9 SignedMps=2.48 | TCS=0.00 ABS=0.00 | Sig=0 Rev=0
[2026-07-25 22:14:44.992] [INFO   ] [GEAR   ] [MainScript.cpp:439 (ScriptMain)] STATUS: Selected=1 MemGear=255 Next=255 PedalClutch=1.000 ClutchKey=1 DriveCoupling=0.000 ClutchCandidateRO=1.000 InputThrottle=1.000 Brake=0.000 NativeRPM=1.000 SpeedKmH=25.4 SignedMps=7.05 | TCS=0.00 ABS=0.00 | Sig=0 Rev=0
[2026-07-25 22:14:46.001] [INFO   ] [GEAR   ] [MainScript.cpp:439 (ScriptMain)] STATUS: Selected=1 MemGear=1 Next=1 PedalClutch=0.000 ClutchKey=0 DriveCoupling=1.000 ClutchCandidateRO=0.743 InputThrottle=1.000 Brake=0.000 NativeRPM=0.750 SpeedKmH=39.0 SignedMps=10.83 | TCS=0.00 ABS=0.00 | Sig=0 Rev=0
[2026-07-25 22:14:47.014] [INFO   ] [GEAR   ] [MainScript.cpp:439 (ScriptMain)] STATUS: Selected=2 MemGear=255 Next=255 PedalClutch=0.878 ClutchKey=0 DriveCoupling=0.000 ClutchCandidateRO=1.000 InputThrottle=1.000 Brake=0.000 NativeRPM=1.000 SpeedKmH=40.3 SignedMps=11.19 | TCS=0.00 ABS=0.00 | Sig=0 Rev=0
[2026-07-25 22:14:47.062] [INFO   ] [GEAR   ] [GearLogic.cpp:159 (GearLogic::ApplyToMemory)] NATIVE_SHIFT_REQUEST: from=1 to=2 rpm=1.000 clutch=0.273 windowMs=240
[2026-07-25 22:14:48.039] [INFO   ] [GEAR   ] [MainScript.cpp:439 (ScriptMain)] STATUS: Selected=2 MemGear=2 Next=2 PedalClutch=0.000 ClutchKey=0 DriveCoupling=1.000 ClutchCandidateRO=0.608 InputThrottle=1.000 Brake=0.000 NativeRPM=0.609 SpeedKmH=54.8 SignedMps=15.22 | TCS=0.00 ABS=0.00 | Sig=0 Rev=0
[2026-07-25 22:14:49.052] [INFO   ] [GEAR   ] [MainScript.cpp:439 (ScriptMain)] STATUS: Selected=2 MemGear=2 Next=2 PedalClutch=0.000 ClutchKey=0 DriveCoupling=1.000 ClutchCandidateRO=0.679 InputThrottle=1.000 Brake=0.000 NativeRPM=0.684 SpeedKmH=60.9 SignedMps=16.90 | TCS=0.00 ABS=0.00 | Sig=0 Rev=0
[2026-07-25 22:14:50.059] [INFO   ] [GEAR   ] [MainScript.cpp:439 (ScriptMain)] STATUS: Selected=2 MemGear=2 Next=2 PedalClutch=0.000 ClutchKey=0 DriveCoupling=1.000 ClutchCandidateRO=0.819 InputThrottle=1.000 Brake=0.000 NativeRPM=0.823 SpeedKmH=73.7 SignedMps=20.47 | TCS=0.00 ABS=0.00 | Sig=0 Rev=0
[2026-07-25 22:14:51.074] [INFO   ] [GEAR   ] [MainScript.cpp:439 (ScriptMain)] STATUS: Selected=2 MemGear=2 Next=2 PedalClutch=0.000 ClutchKey=0 DriveCoupling=1.000 ClutchCandidateRO=0.930 InputThrottle=1.000 Brake=0.000 NativeRPM=0.932 SpeedKmH=83.7 SignedMps=23.25 | TCS=0.00 ABS=0.00 | Sig=0 Rev=0
[2026-07-25 22:14:52.094] [INFO   ] [GEAR   ] [MainScript.cpp:439 (ScriptMain)] STATUS: Selected=3 MemGear=255 Next=255 PedalClutch=1.000 ClutchKey=1 DriveCoupling=0.000 ClutchCandidateRO=1.000 InputThrottle=1.000 Brake=0.000 NativeRPM=1.000 SpeedKmH=80.9 SignedMps=22.47 | TCS=0.00 ABS=0.00 | Sig=0 Rev=0
[2026-07-25 22:14:52.298] [INFO   ] [GEAR   ] [GearLogic.cpp:159 (GearLogic::ApplyToMemory)] NATIVE_SHIFT_REQUEST: from=2 to=3 rpm=1.000 clutch=0.273 windowMs=240
[2026-07-25 22:14:53.112] [INFO   ] [GEAR   ] [MainScript.cpp:439 (ScriptMain)] STATUS: Selected=3 MemGear=3 Next=3 PedalClutch=0.000 ClutchKey=0 DriveCoupling=1.000 ClutchCandidateRO=0.671 InputThrottle=1.000 Brake=0.000 NativeRPM=0.672 SpeedKmH=85.4 SignedMps=23.72 | TCS=0.00 ABS=0.00 | Sig=0 Rev=0
[2026-07-25 22:14:54.060] [INFO   ] [GEAR   ] [GearLogic.cpp:159 (GearLogic::ApplyToMemory)] NATIVE_SHIFT_REQUEST: from=3 to=4 rpm=1.000 clutch=0.273 windowMs=240
[2026-07-25 22:14:54.129] [INFO   ] [GEAR   ] [MainScript.cpp:439 (ScriptMain)] STATUS: Selected=4 MemGear=4 Next=3 PedalClutch=0.000 ClutchKey=0 DriveCoupling=0.996 ClutchCandidateRO=0.949 InputThrottle=1.000 Brake=0.000 NativeRPM=0.932 SpeedKmH=83.3 SignedMps=23.13 | TCS=0.00 ABS=0.00 | Sig=0 Rev=0
[2026-07-25 22:14:55.150] [INFO   ] [GEAR   ] [MainScript.cpp:439 (ScriptMain)] STATUS: Selected=4 MemGear=4 Next=3 PedalClutch=0.000 ClutchKey=0 DriveCoupling=1.000 ClutchCandidateRO=0.200 InputThrottle=1.000 Brake=0.000 NativeRPM=0.200 SpeedKmH=68.8 SignedMps=19.12 | TCS=0.00 ABS=0.00 | Sig=0 Rev=0
[2026-07-25 22:14:55.710] [INFO   ] [GEAR   ] [GearLogic.cpp:159 (GearLogic::ApplyToMemory)] NATIVE_SHIFT_REQUEST: from=4 to=5 rpm=0.480 clutch=0.273 windowMs=240
[2026-07-25 22:14:56.156] [INFO   ] [GEAR   ] [MainScript.cpp:439 (ScriptMain)] STATUS: Selected=5 MemGear=5 Next=4 PedalClutch=0.000 ClutchKey=0 DriveCoupling=1.000 ClutchCandidateRO=0.200 InputThrottle=1.000 Brake=0.000 NativeRPM=0.200 SpeedKmH=56.0 SignedMps=15.55 | TCS=0.00 ABS=0.00 | Sig=0 Rev=0
[2026-07-25 22:14:57.171] [INFO   ] [GEAR   ] [MainScript.cpp:439 (ScriptMain)] STATUS: Selected=5 MemGear=5 Next=4 PedalClutch=0.000 ClutchKey=0 DriveCoupling=1.000 ClutchCandidateRO=0.200 InputThrottle=1.000 Brake=0.000 NativeRPM=0.200 SpeedKmH=43.5 SignedMps=12.08 | TCS=0.00 ABS=0.00 | Sig=0 Rev=0
[2026-07-25 22:14:58.199] [INFO   ] [GEAR   ] [MainScript.cpp:439 (ScriptMain)] STATUS: Selected=5 MemGear=5 Next=4 PedalClutch=0.000 ClutchKey=0 DriveCoupling=1.000 ClutchCandidateRO=0.200 InputThrottle=1.000 Brake=0.000 NativeRPM=0.200 SpeedKmH=31.6 SignedMps=8.77 | TCS=0.00 ABS=0.00 | Sig=0 Rev=0
[2026-07-25 22:14:59.214] [INFO   ] [GEAR   ] [MainScript.cpp:439 (ScriptMain)] STATUS: Selected=5 MemGear=5 Next=4 PedalClutch=0.000 ClutchKey=0 DriveCoupling=1.000 ClutchCandidateRO=0.200 InputThrottle=1.000 Brake=0.000 NativeRPM=0.200 SpeedKmH=20.3 SignedMps=5.64 | TCS=0.00 ABS=0.00 | Sig=0 Rev=0
[2026-07-25 22:15:00.221] [INFO   ] [GEAR   ] [MainScript.cpp:439 (ScriptMain)] STATUS: Selected=0 MemGear=255 Next=255 PedalClutch=1.000 ClutchKey=1 DriveCoupling=0.000 ClutchCandidateRO=0.831 InputThrottle=0.000 Brake=0.000 NativeRPM=0.848 SpeedKmH=9.3 SignedMps=2.58 | TCS=0.00 ABS=0.00 | Sig=0 Rev=0
[2026-07-25 22:15:00.688] [INFO   ] [GEAR   ] [GearLogic.cpp:159 (GearLogic::ApplyToMemory)] NATIVE_SHIFT_REQUEST: from=1 to=0 rpm=1.000 clutch=0.273 windowMs=240
[2026-07-25 22:15:01.004] [WARN   ] [SCRIPT ] [MainScript.cpp:302 (ScriptMain)] Engine died externally (fire/destroyed). Reflecting state.
[2026-07-25 22:15:01.246] [INFO   ] [GEAR   ] [MainScript.cpp:439 (ScriptMain)] STATUS: Selected=0 MemGear=255 Next=255 PedalClutch=0.000 ClutchKey=0 DriveCoupling=0.000 ClutchCandidateRO=0.739 InputThrottle=0.000 Brake=0.000 NativeRPM=0.722 SpeedKmH=0.0 SignedMps=-0.01 | TCS=0.00 ABS=0.00 | Sig=0 Rev=0
[2026-07-25 22:15:01.850] [INFO   ] [SCRIPT ] [MainScript.cpp:205 (ScriptMain)] Player exited vehicle 1538 — resetting session state
[2026-07-25 22:15:20.477] [INFO   ] [SCRIPT ] [MainScript.cpp:250 (ScriptMain)] Entered vehicle handle=18692 maxGear=5
[2026-07-25 22:15:20.477] [INFO   ] [SCRIPT ] [MainScript.cpp:259 (ScriptMain)] Cold start required — engine forced OFF for vehicle 18692
[2026-07-25 22:15:20.979] [INFO   ] [GEAR   ] [MainScript.cpp:439 (ScriptMain)] STATUS: Selected=0 MemGear=1 Next=1 PedalClutch=0.000 ClutchKey=0 DriveCoupling=0.000 ClutchCandidateRO=0.200 InputThrottle=0.000 Brake=0.000 NativeRPM=0.200 SpeedKmH=0.1 SignedMps=0.01 | TCS=0.00 ABS=0.00 | Sig=0 Rev=0
[2026-07-25 22:15:21.937] [INFO   ] [SCRIPT ] [MainScript.cpp:292 (ScriptMain)] Engine key → ON
[2026-07-25 22:15:21.988] [INFO   ] [GEAR   ] [MainScript.cpp:439 (ScriptMain)] STATUS: Selected=0 MemGear=255 Next=255 PedalClutch=0.000 ClutchKey=0 DriveCoupling=0.000 ClutchCandidateRO=0.200 InputThrottle=0.001 Brake=0.000 NativeRPM=0.200 SpeedKmH=0.0 SignedMps=0.00 | TCS=0.00 ABS=0.00 | Sig=0 Rev=0
[2026-07-25 22:15:23.009] [INFO   ] [GEAR   ] [MainScript.cpp:439 (ScriptMain)] STATUS: Selected=0 MemGear=255 Next=255 PedalClutch=0.000 ClutchKey=0 DriveCoupling=0.000 ClutchCandidateRO=0.200 InputThrottle=0.007 Brake=0.000 NativeRPM=0.200 SpeedKmH=0.0 SignedMps=0.00 | TCS=0.00 ABS=0.00 | Sig=0 Rev=0
[2026-07-25 22:15:24.014] [INFO   ] [GEAR   ] [MainScript.cpp:439 (ScriptMain)] STATUS: Selected=0 MemGear=255 Next=255 PedalClutch=0.000 ClutchKey=0 DriveCoupling=0.000 ClutchCandidateRO=0.200 InputThrottle=1.000 Brake=0.000 NativeRPM=0.200 SpeedKmH=0.0 SignedMps=0.00 | TCS=0.00 ABS=0.00 | Sig=0 Rev=0
[2026-07-25 22:15:25.028] [INFO   ] [GEAR   ] [MainScript.cpp:439 (ScriptMain)] STATUS: Selected=0 MemGear=255 Next=255 PedalClutch=0.000 ClutchKey=0 DriveCoupling=0.000 ClutchCandidateRO=0.200 InputThrottle=1.000 Brake=0.000 NativeRPM=0.200 SpeedKmH=0.0 SignedMps=0.00 | TCS=0.00 ABS=0.00 | Sig=0 Rev=0
[2026-07-25 22:15:26.053] [INFO   ] [GEAR   ] [MainScript.cpp:439 (ScriptMain)] STATUS: Selected=0 MemGear=255 Next=255 PedalClutch=0.000 ClutchKey=0 DriveCoupling=0.000 ClutchCandidateRO=0.200 InputThrottle=1.000 Brake=0.000 NativeRPM=0.200 SpeedKmH=0.0 SignedMps=0.00 | TCS=0.00 ABS=0.00 | Sig=0 Rev=0
[2026-07-25 22:15:27.063] [INFO   ] [GEAR   ] [MainScript.cpp:439 (ScriptMain)] STATUS: Selected=0 MemGear=255 Next=255 PedalClutch=0.000 ClutchKey=0 DriveCoupling=0.000 ClutchCandidateRO=0.200 InputThrottle=0.000 Brake=0.000 NativeRPM=0.200 SpeedKmH=0.0 SignedMps=0.00 | TCS=0.00 ABS=0.00 | Sig=0 Rev=0
[2026-07-25 22:15:28.083] [INFO   ] [GEAR   ] [MainScript.cpp:439 (ScriptMain)] STATUS: Selected=0 MemGear=255 Next=255 PedalClutch=0.000 ClutchKey=0 DriveCoupling=0.000 ClutchCandidateRO=0.200 InputThrottle=1.000 Brake=0.000 NativeRPM=0.200 SpeedKmH=0.0 SignedMps=0.00 | TCS=0.00 ABS=0.00 | Sig=0 Rev=0
[2026-07-25 22:15:28.712] [WARN   ] [GEAR   ] [MainScript.cpp:511 (ScriptMain)] Gear grind: gear=0 clutch=0.000 rpm=0.2000
[2026-07-25 22:15:29.091] [INFO   ] [GEAR   ] [MainScript.cpp:439 (ScriptMain)] STATUS: Selected=0 MemGear=255 Next=255 PedalClutch=1.000 ClutchKey=1 DriveCoupling=0.000 ClutchCandidateRO=0.200 InputThrottle=0.000 Brake=0.000 NativeRPM=0.200 SpeedKmH=0.0 SignedMps=0.00 | TCS=0.00 ABS=0.00 | Sig=0 Rev=0
[2026-07-25 22:15:29.346] [INFO   ] [GEAR   ] [GearLogic.cpp:159 (GearLogic::ApplyToMemory)] NATIVE_SHIFT_REQUEST: from=0 to=1 rpm=0.200 clutch=0.273 windowMs=240
[2026-07-25 22:15:30.108] [INFO   ] [GEAR   ] [MainScript.cpp:439 (ScriptMain)] STATUS: Selected=1 MemGear=1 Next=1 PedalClutch=0.000 ClutchKey=0 DriveCoupling=1.000 ClutchCandidateRO=0.329 InputThrottle=0.000 Brake=0.000 NativeRPM=0.309 SpeedKmH=5.6 SignedMps=1.55 | TCS=0.00 ABS=0.00 | Sig=0 Rev=0
[2026-07-25 22:15:30.718] [WARN   ] [GEAR   ] [MainScript.cpp:511 (ScriptMain)] Gear grind: gear=1 clutch=1.000 rpm=0.2176
[2026-07-25 22:15:31.129] [INFO   ] [GEAR   ] [MainScript.cpp:439 (ScriptMain)] STATUS: Selected=1 MemGear=255 Next=255 PedalClutch=1.000 ClutchKey=1 DriveCoupling=0.000 ClutchCandidateRO=0.200 InputThrottle=0.000 Brake=0.000 NativeRPM=0.200 SpeedKmH=0.0 SignedMps=0.00 | TCS=0.00 ABS=0.00 | Sig=0 Rev=0
[2026-07-25 22:15:32.142] [INFO   ] [GEAR   ] [MainScript.cpp:439 (ScriptMain)] STATUS: Selected=1 MemGear=255 Next=255 PedalClutch=1.000 ClutchKey=1 DriveCoupling=0.000 ClutchCandidateRO=0.200 InputThrottle=1.000 Brake=0.000 NativeRPM=0.200 SpeedKmH=0.0 SignedMps=0.00 | TCS=0.00 ABS=0.00 | Sig=0 Rev=0
[2026-07-25 22:15:33.169] [INFO   ] [GEAR   ] [MainScript.cpp:439 (ScriptMain)] STATUS: Selected=1 MemGear=1 Next=1 PedalClutch=0.000 ClutchKey=0 DriveCoupling=1.000 ClutchCandidateRO=0.200 InputThrottle=0.000 Brake=0.000 NativeRPM=0.200 SpeedKmH=0.0 SignedMps=0.00 | TCS=0.00 ABS=0.00 | Sig=0 Rev=0
[2026-07-25 22:15:33.971] [INFO   ] [GEAR   ] [GearLogic.cpp:159 (GearLogic::ApplyToMemory)] NATIVE_SHIFT_REQUEST: from=1 to=2 rpm=0.695 clutch=0.273 windowMs=240
[2026-07-25 22:15:34.189] [INFO   ] [GEAR   ] [MainScript.cpp:439 (ScriptMain)] STATUS: Selected=2 MemGear=2 Next=1 PedalClutch=0.000 ClutchKey=0 DriveCoupling=1.000 ClutchCandidateRO=0.896 InputThrottle=1.000 Brake=0.000 NativeRPM=0.901 SpeedKmH=0.8 SignedMps=0.22 | TCS=0.00 ABS=0.00 | Sig=0 Rev=0
[2026-07-25 22:15:34.521] [INFO   ] [GEAR   ] [GearLogic.cpp:159 (GearLogic::ApplyToMemory)] NATIVE_SHIFT_REQUEST: from=2 to=1 rpm=0.915 clutch=0.273 windowMs=240
[2026-07-25 22:15:35.212] [INFO   ] [GEAR   ] [MainScript.cpp:439 (ScriptMain)] STATUS: Selected=1 MemGear=1 Next=1 PedalClutch=0.000 ClutchKey=0 DriveCoupling=1.000 ClutchCandidateRO=0.450 InputThrottle=1.000 Brake=0.000 NativeRPM=0.463 SpeedKmH=9.4 SignedMps=2.60 | TCS=0.00 ABS=0.00 | Sig=0 Rev=0
[2026-07-25 22:15:36.218] [INFO   ] [GEAR   ] [MainScript.cpp:439 (ScriptMain)] STATUS: Selected=1 MemGear=1 Next=1 PedalClutch=0.000 ClutchKey=0 DriveCoupling=1.000 ClutchCandidateRO=0.823 InputThrottle=1.000 Brake=0.000 NativeRPM=0.834 SpeedKmH=41.8 SignedMps=11.62 | TCS=0.00 ABS=0.00 | Sig=0 Rev=0
[2026-07-25 22:15:37.168] [INFO   ] [GEAR   ] [GearLogic.cpp:159 (GearLogic::ApplyToMemory)] NATIVE_SHIFT_REQUEST: from=1 to=2 rpm=1.000 clutch=0.284 windowMs=240
[2026-07-25 22:15:37.239] [INFO   ] [GEAR   ] [MainScript.cpp:439 (ScriptMain)] STATUS: Selected=2 MemGear=2 Next=2 PedalClutch=0.000 ClutchKey=0 DriveCoupling=1.000 ClutchCandidateRO=0.949 InputThrottle=1.000 Brake=0.000 NativeRPM=0.931 SpeedKmH=37.6 SignedMps=10.45 | TCS=0.00 ABS=0.00 | Sig=0 Rev=0
[2026-07-25 22:15:38.259] [INFO   ] [GEAR   ] [MainScript.cpp:439 (ScriptMain)] STATUS: Selected=2 MemGear=2 Next=2 PedalClutch=0.000 ClutchKey=0 DriveCoupling=1.000 ClutchCandidateRO=0.606 InputThrottle=1.000 Brake=0.000 NativeRPM=0.608 SpeedKmH=52.9 SignedMps=14.70 | TCS=0.00 ABS=0.00 | Sig=0 Rev=0
[2026-07-25 22:15:39.274] [INFO   ] [GEAR   ] [MainScript.cpp:439 (ScriptMain)] STATUS: Selected=2 MemGear=2 Next=2 PedalClutch=0.000 ClutchKey=0 DriveCoupling=1.000 ClutchCandidateRO=0.772 InputThrottle=1.000 Brake=0.000 NativeRPM=0.774 SpeedKmH=66.9 SignedMps=18.58 | TCS=0.00 ABS=0.00 | Sig=0 Rev=0
[2026-07-25 22:15:40.280] [INFO   ] [GEAR   ] [MainScript.cpp:439 (ScriptMain)] STATUS: Selected=2 MemGear=2 Next=2 PedalClutch=0.000 ClutchKey=0 DriveCoupling=1.000 ClutchCandidateRO=0.910 InputThrottle=1.000 Brake=0.000 NativeRPM=0.912 SpeedKmH=79.0 SignedMps=21.94 | TCS=0.00 ABS=0.00 | Sig=0 Rev=0
[2026-07-25 22:15:41.307] [INFO   ] [GEAR   ] [MainScript.cpp:439 (ScriptMain)] STATUS: Selected=2 MemGear=2 Next=2 PedalClutch=0.000 ClutchKey=0 DriveCoupling=1.000 ClutchCandidateRO=0.662 InputThrottle=1.000 Brake=0.000 NativeRPM=0.678 SpeedKmH=80.5 SignedMps=22.35 | TCS=0.00 ABS=0.00 | Sig=0 Rev=0
[2026-07-25 22:15:42.311] [INFO   ] [GEAR   ] [MainScript.cpp:439 (ScriptMain)] STATUS: Selected=2 MemGear=2 Next=2 PedalClutch=0.000 ClutchKey=0 DriveCoupling=1.000 ClutchCandidateRO=0.774 InputThrottle=1.000 Brake=0.000 NativeRPM=0.791 SpeedKmH=81.9 SignedMps=22.75 | TCS=0.00 ABS=0.00 | Sig=0 Rev=0
[2026-07-25 22:15:43.337] [INFO   ] [GEAR   ] [MainScript.cpp:439 (ScriptMain)] STATUS: Selected=3 MemGear=255 Next=255 PedalClutch=0.463 ClutchKey=0 DriveCoupling=0.332 ClutchCandidateRO=0.991 InputThrottle=1.000 Brake=0.000 NativeRPM=1.000 SpeedKmH=77.0 SignedMps=21.38 | TCS=0.00 ABS=0.00 | Sig=0 Rev=0
[2026-07-25 22:15:43.357] [INFO   ] [GEAR   ] [GearLogic.cpp:159 (GearLogic::ApplyToMemory)] NATIVE_SHIFT_REQUEST: from=2 to=3 rpm=1.000 clutch=0.131 windowMs=240
[2026-07-25 22:15:44.352] [INFO   ] [GEAR   ] [MainScript.cpp:439 (ScriptMain)] STATUS: Selected=3 MemGear=3 Next=3 PedalClutch=0.000 ClutchKey=0 DriveCoupling=1.000 ClutchCandidateRO=0.680 InputThrottle=1.000 Brake=0.000 NativeRPM=0.680 SpeedKmH=84.0 SignedMps=23.34 | TCS=0.00 ABS=0.00 | Sig=0 Rev=0
[2026-07-25 22:15:45.359] [INFO   ] [GEAR   ] [MainScript.cpp:439 (ScriptMain)] STATUS: Selected=3 MemGear=3 Next=3 PedalClutch=0.000 ClutchKey=0 DriveCoupling=1.000 ClutchCandidateRO=0.794 InputThrottle=1.000 Brake=0.000 NativeRPM=0.798 SpeedKmH=97.8 SignedMps=27.15 | TCS=0.00 ABS=0.00 | Sig=0 Rev=0
[2026-07-25 22:15:45.986] [INFO   ] [GEAR   ] [GearLogic.cpp:159 (GearLogic::ApplyToMemory)] NATIVE_SHIFT_REQUEST: from=3 to=4 rpm=1.000 clutch=0.273 windowMs=240
[2026-07-25 22:15:46.380] [INFO   ] [GEAR   ] [MainScript.cpp:439 (ScriptMain)] STATUS: Selected=4 MemGear=4 Next=4 PedalClutch=0.000 ClutchKey=0 DriveCoupling=1.000 ClutchCandidateRO=0.623 InputThrottle=1.000 Brake=0.000 NativeRPM=0.621 SpeedKmH=98.3 SignedMps=27.31 | TCS=0.00 ABS=0.00 | Sig=0 Rev=0
[2026-07-25 22:15:47.402] [INFO   ] [GEAR   ] [MainScript.cpp:439 (ScriptMain)] STATUS: Selected=4 MemGear=4 Next=4 PedalClutch=0.000 ClutchKey=0 DriveCoupling=1.000 ClutchCandidateRO=0.648 InputThrottle=1.000 Brake=0.000 NativeRPM=0.648 SpeedKmH=102.7 SignedMps=28.52 | TCS=0.00 ABS=0.00 | Sig=0 Rev=0
[2026-07-25 22:15:48.414] [INFO   ] [GEAR   ] [MainScript.cpp:439 (ScriptMain)] STATUS: Selected=4 MemGear=4 Next=4 PedalClutch=0.000 ClutchKey=0 DriveCoupling=1.000 ClutchCandidateRO=0.675 InputThrottle=1.000 Brake=0.000 NativeRPM=0.676 SpeedKmH=107.1 SignedMps=29.75 | TCS=0.00 ABS=0.00 | Sig=0 Rev=0
[2026-07-25 22:15:49.422] [INFO   ] [GEAR   ] [MainScript.cpp:439 (ScriptMain)] STATUS: Selected=4 MemGear=4 Next=4 PedalClutch=0.000 ClutchKey=0 DriveCoupling=1.000 ClutchCandidateRO=0.730 InputThrottle=1.000 Brake=0.000 NativeRPM=0.730 SpeedKmH=115.6 SignedMps=32.11 | TCS=0.00 ABS=0.00 | Sig=0 Rev=0
[2026-07-25 22:15:50.167] [INFO   ] [GEAR   ] [GearLogic.cpp:159 (GearLogic::ApplyToMemory)] NATIVE_SHIFT_REQUEST: from=4 to=5 rpm=0.975 clutch=0.284 windowMs=240
[2026-07-25 22:15:50.451] [INFO   ] [GEAR   ] [MainScript.cpp:439 (ScriptMain)] STATUS: Selected=5 MemGear=5 Next=4 PedalClutch=0.000 ClutchKey=0 DriveCoupling=1.000 ClutchCandidateRO=0.708 InputThrottle=1.000 Brake=0.000 NativeRPM=0.691 SpeedKmH=108.1 SignedMps=30.02 | TCS=0.00 ABS=0.00 | Sig=0 Rev=0
[2026-07-25 22:15:51.468] [INFO   ] [GEAR   ] [MainScript.cpp:439 (ScriptMain)] STATUS: Selected=5 MemGear=5 Next=4 PedalClutch=0.000 ClutchKey=0 DriveCoupling=1.000 ClutchCandidateRO=0.200 InputThrottle=1.000 Brake=0.000 NativeRPM=0.200 SpeedKmH=91.0 SignedMps=25.21 | TCS=0.00 ABS=0.00 | Sig=0 Rev=0
[2026-07-25 22:15:52.490] [INFO   ] [GEAR   ] [MainScript.cpp:439 (ScriptMain)] STATUS: Selected=5 MemGear=5 Next=4 PedalClutch=0.000 ClutchKey=0 DriveCoupling=1.000 ClutchCandidateRO=0.200 InputThrottle=1.000 Brake=0.000 NativeRPM=0.200 SpeedKmH=75.8 SignedMps=21.05 | TCS=0.00 ABS=0.00 | Sig=0 Rev=0
[2026-07-25 22:15:53.509] [INFO   ] [GEAR   ] [MainScript.cpp:439 (ScriptMain)] STATUS: Selected=5 MemGear=255 Next=255 PedalClutch=1.000 ClutchKey=0 DriveCoupling=0.000 ClutchCandidateRO=0.332 InputThrottle=0.700 Brake=0.000 NativeRPM=0.348 SpeedKmH=57.6 SignedMps=15.97 | TCS=0.00 ABS=0.00 | Sig=0 Rev=0
[2026-07-25 22:15:54.515] [INFO   ] [GEAR   ] [MainScript.cpp:439 (ScriptMain)] STATUS: Selected=5 MemGear=5 Next=5 PedalClutch=0.000 ClutchKey=0 DriveCoupling=1.000 ClutchCandidateRO=0.260 InputThrottle=0.000 Brake=0.000 NativeRPM=0.242 SpeedKmH=45.5 SignedMps=12.64 | TCS=0.00 ABS=0.00 | Sig=0 Rev=0
[2026-07-25 22:15:55.542] [INFO   ] [GEAR   ] [MainScript.cpp:439 (ScriptMain)] STATUS: Selected=5 MemGear=255 Next=255 PedalClutch=1.000 ClutchKey=1 DriveCoupling=0.000 ClutchCandidateRO=0.286 InputThrottle=0.000 Brake=0.129 NativeRPM=0.268 SpeedKmH=8.7 SignedMps=2.43 | TCS=0.00 ABS=0.00 | Sig=0 Rev=0
[2026-07-25 22:15:55.697] [WARN   ] [SCRIPT ] [MainScript.cpp:302 (ScriptMain)] Engine died externally (fire/destroyed). Reflecting state.
[2026-07-25 22:15:56.542] [INFO   ] [SCRIPT ] [MainScript.cpp:205 (ScriptMain)] Player exited vehicle 18692 — resetting session state
[2026-07-25 22:16:05.475] [INFO   ] [SCRIPT ] [MainScript.cpp:250 (ScriptMain)] Entered vehicle handle=487685 maxGear=5
[2026-07-25 22:16:05.475] [INFO   ] [SCRIPT ] [MainScript.cpp:259 (ScriptMain)] Cold start required — engine forced OFF for vehicle 487685
[2026-07-25 22:16:05.974] [INFO   ] [GEAR   ] [MainScript.cpp:439 (ScriptMain)] STATUS: Selected=5 MemGear=0 Next=0 PedalClutch=0.000 ClutchKey=0 DriveCoupling=0.000 ClutchCandidateRO=0.000 InputThrottle=0.000 Brake=0.000 NativeRPM=0.000 SpeedKmH=0.0 SignedMps=0.00 | TCS=0.00 ABS=0.00 | Sig=0 Rev=0
[2026-07-25 22:16:06.995] [INFO   ] [GEAR   ] [MainScript.cpp:439 (ScriptMain)] STATUS: Selected=-1 MemGear=255 Next=255 PedalClutch=1.000 ClutchKey=1 DriveCoupling=0.000 ClutchCandidateRO=0.000 InputThrottle=0.000 Brake=0.000 NativeRPM=0.000 SpeedKmH=0.0 SignedMps=0.00 | TCS=0.00 ABS=0.00 | Sig=0 Rev=1
[2026-07-25 22:16:07.348] [INFO   ] [GEAR   ] [GearLogic.cpp:159 (GearLogic::ApplyToMemory)] NATIVE_SHIFT_REQUEST: from=0 to=-1 rpm=0.000 clutch=0.273 windowMs=240
[2026-07-25 22:16:07.602] [INFO   ] [SCRIPT ] [MainScript.cpp:292 (ScriptMain)] Engine key → ON
[2026-07-25 22:16:08.000] [INFO   ] [GEAR   ] [MainScript.cpp:439 (ScriptMain)] STATUS: Selected=-1 MemGear=255 Next=255 PedalClutch=1.000 ClutchKey=1 DriveCoupling=0.000 ClutchCandidateRO=0.200 InputThrottle=0.000 Brake=0.000 NativeRPM=0.200 SpeedKmH=0.0 SignedMps=0.00 | TCS=0.00 ABS=0.00 | Sig=0 Rev=1
[2026-07-25 22:16:09.021] [INFO   ] [GEAR   ] [MainScript.cpp:439 (ScriptMain)] STATUS: Selected=-1 MemGear=0 Next=0 PedalClutch=0.000 ClutchKey=0 DriveCoupling=1.000 ClutchCandidateRO=0.392 InputThrottle=1.000 Brake=0.000 NativeRPM=0.376 SpeedKmH=1.6 SignedMps=-0.42 | TCS=0.00 ABS=0.00 | Sig=0 Rev=1
[2026-07-25 22:16:10.043] [INFO   ] [GEAR   ] [MainScript.cpp:439 (ScriptMain)] STATUS: Selected=-1 MemGear=0 Next=0 PedalClutch=0.000 ClutchKey=0 DriveCoupling=1.000 ClutchCandidateRO=0.655 InputThrottle=0.000 Brake=0.000 NativeRPM=0.635 SpeedKmH=10.0 SignedMps=-2.75 | TCS=0.00 ABS=0.00 | Sig=0 Rev=1
[2026-07-25 22:16:11.052] [INFO   ] [GEAR   ] [MainScript.cpp:439 (ScriptMain)] STATUS: Selected=-1 MemGear=255 Next=255 PedalClutch=1.000 ClutchKey=1 DriveCoupling=0.000 ClutchCandidateRO=0.200 InputThrottle=1.000 Brake=0.000 NativeRPM=0.200 SpeedKmH=0.2 SignedMps=-0.00 | TCS=0.00 ABS=0.00 | Sig=0 Rev=1
[2026-07-25 22:16:12.072] [INFO   ] [GEAR   ] [MainScript.cpp:439 (ScriptMain)] STATUS: Selected=-1 MemGear=0 Next=0 PedalClutch=0.000 ClutchKey=0 DriveCoupling=1.000 ClutchCandidateRO=0.403 InputThrottle=1.000 Brake=0.000 NativeRPM=0.390 SpeedKmH=8.2 SignedMps=-2.27 | TCS=0.00 ABS=0.00 | Sig=0 Rev=1
[2026-07-25 22:16:13.092] [INFO   ] [GEAR   ] [MainScript.cpp:439 (ScriptMain)] STATUS: Selected=-1 MemGear=255 Next=255 PedalClutch=1.000 ClutchKey=1 DriveCoupling=0.000 ClutchCandidateRO=0.200 InputThrottle=0.000 Brake=0.000 NativeRPM=0.200 SpeedKmH=8.0 SignedMps=-2.21 | TCS=0.00 ABS=0.00 | Sig=0 Rev=1
[2026-07-25 22:16:14.112] [INFO   ] [GEAR   ] [MainScript.cpp:439 (ScriptMain)] STATUS: Selected=-1 MemGear=255 Next=255 PedalClutch=1.000 ClutchKey=0 DriveCoupling=0.000 ClutchCandidateRO=0.200 InputThrottle=0.000 Brake=0.000 NativeRPM=0.200 SpeedKmH=0.0 SignedMps=0.00 | TCS=0.00 ABS=0.00 | Sig=0 Rev=1
[2026-07-25 22:16:15.124] [INFO   ] [GEAR   ] [MainScript.cpp:439 (ScriptMain)] STATUS: Selected=-1 MemGear=0 Next=0 PedalClutch=0.000 ClutchKey=0 DriveCoupling=1.000 ClutchCandidateRO=0.200 InputThrottle=0.000 Brake=0.000 NativeRPM=0.200 SpeedKmH=0.0 SignedMps=0.01 | TCS=0.00 ABS=0.00 | Sig=0 Rev=1
[2026-07-25 22:16:15.233] [WARN   ] [GEAR   ] [MainScript.cpp:511 (ScriptMain)] Gear grind: gear=-1 clutch=0.000 rpm=0.2000
[2026-07-25 22:16:15.847] [INFO   ] [GEAR   ] [GearLogic.cpp:159 (GearLogic::ApplyToMemory)] NATIVE_SHIFT_REQUEST: from=-1 to=0 rpm=0.200 clutch=0.273 windowMs=240
[2026-07-25 22:16:16.143] [INFO   ] [GEAR   ] [MainScript.cpp:439 (ScriptMain)] STATUS: Selected=0 MemGear=255 Next=255 PedalClutch=0.000 ClutchKey=0 DriveCoupling=0.000 ClutchCandidateRO=0.200 InputThrottle=1.000 Brake=0.000 NativeRPM=0.200 SpeedKmH=0.0 SignedMps=0.00 | TCS=0.00 ABS=0.00 | Sig=0 Rev=0
[2026-07-25 22:16:16.529] [INFO   ] [GEAR   ] [GearLogic.cpp:159 (GearLogic::ApplyToMemory)] NATIVE_SHIFT_REQUEST: from=0 to=1 rpm=0.200 clutch=0.273 windowMs=240
[2026-07-25 22:16:17.167] [INFO   ] [GEAR   ] [MainScript.cpp:439 (ScriptMain)] STATUS: Selected=1 MemGear=1 Next=1 PedalClutch=0.000 ClutchKey=0 DriveCoupling=1.000 ClutchCandidateRO=0.402 InputThrottle=1.000 Brake=0.000 NativeRPM=0.400 SpeedKmH=8.6 SignedMps=2.23 | TCS=0.00 ABS=0.00 | Sig=0 Rev=0
[2026-07-25 22:16:18.175] [INFO   ] [GEAR   ] [MainScript.cpp:439 (ScriptMain)] STATUS: Selected=1 MemGear=1 Next=1 PedalClutch=0.000 ClutchKey=0 DriveCoupling=1.000 ClutchCandidateRO=0.475 InputThrottle=1.000 Brake=0.000 NativeRPM=0.482 SpeedKmH=24.4 SignedMps=6.63 | TCS=0.00 ABS=0.00 | Sig=0 Rev=0
[2026-07-25 22:16:19.190] [INFO   ] [GEAR   ] [MainScript.cpp:439 (ScriptMain)] STATUS: Selected=1 MemGear=1 Next=1 PedalClutch=0.000 ClutchKey=0 DriveCoupling=1.000 ClutchCandidateRO=0.776 InputThrottle=1.000 Brake=0.000 NativeRPM=0.787 SpeedKmH=39.0 SignedMps=10.84 | TCS=0.00 ABS=0.00 | Sig=0 Rev=0
[2026-07-25 22:16:20.210] [INFO   ] [GEAR   ] [MainScript.cpp:439 (ScriptMain)] STATUS: Selected=2 MemGear=255 Next=255 PedalClutch=1.000 ClutchKey=0 DriveCoupling=0.000 ClutchCandidateRO=0.818 InputThrottle=0.934 Brake=0.000 NativeRPM=0.799 SpeedKmH=39.2 SignedMps=10.90 | TCS=0.00 ABS=0.00 | Sig=0 Rev=0
[2026-07-25 22:16:20.309] [INFO   ] [GEAR   ] [GearLogic.cpp:159 (GearLogic::ApplyToMemory)] NATIVE_SHIFT_REQUEST: from=1 to=2 rpm=0.698 clutch=0.273 windowMs=240
[2026-07-25 22:16:21.228] [INFO   ] [GEAR   ] [MainScript.cpp:439 (ScriptMain)] STATUS: Selected=2 MemGear=2 Next=2 PedalClutch=0.000 ClutchKey=0 DriveCoupling=1.000 ClutchCandidateRO=0.590 InputThrottle=1.000 Brake=0.000 NativeRPM=0.594 SpeedKmH=51.3 SignedMps=14.25 | TCS=0.00 ABS=0.00 | Sig=0 Rev=0
[2026-07-25 22:16:22.053] [INFO   ] [GEAR   ] [GearLogic.cpp:159 (GearLogic::ApplyToMemory)] NATIVE_SHIFT_REQUEST: from=2 to=3 rpm=0.427 clutch=0.273 windowMs=240
[2026-07-25 22:16:22.238] [INFO   ] [GEAR   ] [MainScript.cpp:439 (ScriptMain)] STATUS: Selected=3 MemGear=3 Next=2 PedalClutch=0.000 ClutchKey=0 DriveCoupling=1.000 ClutchCandidateRO=0.261 InputThrottle=1.000 Brake=0.000 NativeRPM=0.243 SpeedKmH=51.3 SignedMps=14.24 | TCS=0.00 ABS=0.00 | Sig=0 Rev=0
[2026-07-25 22:16:23.251] [INFO   ] [GEAR   ] [MainScript.cpp:439 (ScriptMain)] STATUS: Selected=2 MemGear=255 Next=255 PedalClutch=1.000 ClutchKey=0 DriveCoupling=0.000 ClutchCandidateRO=0.200 InputThrottle=0.000 Brake=0.000 NativeRPM=0.200 SpeedKmH=37.4 SignedMps=10.38 | TCS=0.00 ABS=0.00 | Sig=0 Rev=0
[2026-07-25 22:16:23.364] [INFO   ] [GEAR   ] [GearLogic.cpp:159 (GearLogic::ApplyToMemory)] NATIVE_SHIFT_REQUEST: from=3 to=2 rpm=0.200 clutch=0.273 windowMs=240
[2026-07-25 22:16:24.269] [INFO   ] [GEAR   ] [MainScript.cpp:439 (ScriptMain)] STATUS: Selected=2 MemGear=2 Next=2 PedalClutch=0.000 ClutchKey=0 DriveCoupling=1.000 ClutchCandidateRO=0.564 InputThrottle=1.000 Brake=0.000 NativeRPM=0.566 SpeedKmH=49.0 SignedMps=13.62 | TCS=0.00 ABS=0.00 | Sig=0 Rev=0
[2026-07-25 22:16:25.296] [INFO   ] [GEAR   ] [MainScript.cpp:439 (ScriptMain)] STATUS: Selected=2 MemGear=2 Next=2 PedalClutch=0.000 ClutchKey=0 DriveCoupling=1.000 ClutchCandidateRO=0.745 InputThrottle=1.000 Brake=0.000 NativeRPM=0.747 SpeedKmH=64.6 SignedMps=17.95 | TCS=0.00 ABS=0.00 | Sig=0 Rev=0
[2026-07-25 22:16:26.304] [INFO   ] [GEAR   ] [MainScript.cpp:439 (ScriptMain)] STATUS: Selected=2 MemGear=2 Next=2 PedalClutch=0.000 ClutchKey=0 DriveCoupling=1.000 ClutchCandidateRO=0.906 InputThrottle=1.000 Brake=0.000 NativeRPM=0.908 SpeedKmH=78.5 SignedMps=21.81 | TCS=0.00 ABS=0.00 | Sig=0 Rev=0
[2026-07-25 22:16:27.322] [INFO   ] [GEAR   ] [MainScript.cpp:439 (ScriptMain)] STATUS: Selected=2 MemGear=2 Next=2 PedalClutch=0.000 ClutchKey=0 DriveCoupling=1.000 ClutchCandidateRO=0.927 InputThrottle=1.000 Brake=0.000 NativeRPM=0.943 SpeedKmH=83.5 SignedMps=23.19 | TCS=0.00 ABS=0.00 | Sig=0 Rev=0
[2026-07-25 22:16:28.336] [INFO   ] [GEAR   ] [MainScript.cpp:439 (ScriptMain)] STATUS: Selected=3 MemGear=255 Next=255 PedalClutch=1.000 ClutchKey=0 DriveCoupling=0.000 ClutchCandidateRO=0.680 InputThrottle=0.000 Brake=0.000 NativeRPM=0.664 SpeedKmH=80.2 SignedMps=22.27 | TCS=0.00 ABS=0.00 | Sig=0 Rev=0
[2026-07-25 22:16:28.493] [INFO   ] [GEAR   ] [GearLogic.cpp:159 (GearLogic::ApplyToMemory)] NATIVE_SHIFT_REQUEST: from=2 to=3 rpm=0.507 clutch=0.273 windowMs=240
[2026-07-25 22:16:29.352] [INFO   ] [GEAR   ] [MainScript.cpp:439 (ScriptMain)] STATUS: Selected=3 MemGear=3 Next=3 PedalClutch=0.000 ClutchKey=0 DriveCoupling=1.000 ClutchCandidateRO=0.688 InputThrottle=1.000 Brake=0.000 NativeRPM=0.690 SpeedKmH=84.5 SignedMps=23.48 | TCS=0.00 ABS=0.00 | Sig=0 Rev=0
[2026-07-25 22:16:30.360] [INFO   ] [GEAR   ] [MainScript.cpp:439 (ScriptMain)] STATUS: Selected=3 MemGear=3 Next=3 PedalClutch=0.000 ClutchKey=0 DriveCoupling=1.000 ClutchCandidateRO=0.732 InputThrottle=1.000 Brake=0.000 NativeRPM=0.731 SpeedKmH=89.2 SignedMps=24.70 | TCS=0.00 ABS=0.00 | Sig=0 Rev=0
[2026-07-25 22:16:31.390] [INFO   ] [GEAR   ] [MainScript.cpp:439 (ScriptMain)] STATUS: Selected=4 MemGear=255 Next=255 PedalClutch=1.000 ClutchKey=0 DriveCoupling=0.000 ClutchCandidateRO=0.655 InputThrottle=0.934 Brake=0.000 NativeRPM=0.639 SpeedKmH=89.3 SignedMps=24.80 | TCS=0.00 ABS=0.00 | Sig=0 Rev=0
[2026-07-25 22:16:31.539] [INFO   ] [GEAR   ] [GearLogic.cpp:159 (GearLogic::ApplyToMemory)] NATIVE_SHIFT_REQUEST: from=3 to=4 rpm=0.491 clutch=0.284 windowMs=240
[2026-07-25 22:16:32.417] [INFO   ] [GEAR   ] [MainScript.cpp:439 (ScriptMain)] STATUS: Selected=3 MemGear=255 Next=255 PedalClutch=1.000 ClutchKey=0 DriveCoupling=0.000 ClutchCandidateRO=0.200 InputThrottle=0.000 Brake=0.000 NativeRPM=0.200 SpeedKmH=71.5 SignedMps=19.87 | TCS=0.00 ABS=0.00 | Sig=0 Rev=0
[2026-07-25 22:16:32.522] [INFO   ] [GEAR   ] [GearLogic.cpp:159 (GearLogic::ApplyToMemory)] NATIVE_SHIFT_REQUEST: from=4 to=3 rpm=0.200 clutch=0.271 windowMs=240
[2026-07-25 22:16:33.425] [INFO   ] [GEAR   ] [MainScript.cpp:439 (ScriptMain)] STATUS: Selected=3 MemGear=3 Next=3 PedalClutch=0.000 ClutchKey=0 DriveCoupling=1.000 ClutchCandidateRO=0.596 InputThrottle=1.000 Brake=0.000 NativeRPM=0.597 SpeedKmH=73.1 SignedMps=20.29 | TCS=0.00 ABS=0.00 | Sig=0 Rev=0
[2026-07-25 22:16:34.441] [INFO   ] [GEAR   ] [MainScript.cpp:439 (ScriptMain)] STATUS: Selected=3 MemGear=3 Next=3 PedalClutch=0.000 ClutchKey=0 DriveCoupling=1.000 ClutchCandidateRO=0.662 InputThrottle=1.000 Brake=0.000 NativeRPM=0.663 SpeedKmH=81.3 SignedMps=22.58 | TCS=0.00 ABS=0.00 | Sig=0 Rev=0
[2026-07-25 22:16:35.462] [INFO   ] [GEAR   ] [MainScript.cpp:439 (ScriptMain)] STATUS: Selected=3 MemGear=3 Next=3 PedalClutch=0.000 ClutchKey=0 DriveCoupling=1.000 ClutchCandidateRO=0.732 InputThrottle=1.000 Brake=0.000 NativeRPM=0.733 SpeedKmH=89.8 SignedMps=24.95 | TCS=0.00 ABS=0.00 | Sig=0 Rev=0
[2026-07-25 22:16:36.476] [INFO   ] [GEAR   ] [MainScript.cpp:439 (ScriptMain)] STATUS: Selected=3 MemGear=3 Next=3 PedalClutch=0.000 ClutchKey=0 DriveCoupling=1.000 ClutchCandidateRO=0.792 InputThrottle=1.000 Brake=0.000 NativeRPM=0.793 SpeedKmH=97.2 SignedMps=26.99 | TCS=0.00 ABS=0.00 | Sig=0 Rev=0
[2026-07-25 22:16:37.486] [INFO   ] [GEAR   ] [MainScript.cpp:439 (ScriptMain)] STATUS: Selected=3 MemGear=3 Next=3 PedalClutch=0.000 ClutchKey=0 DriveCoupling=1.000 ClutchCandidateRO=0.846 InputThrottle=1.000 Brake=0.000 NativeRPM=0.847 SpeedKmH=103.9 SignedMps=28.86 | TCS=0.00 ABS=0.00 | Sig=0 Rev=0
[2026-07-25 22:16:38.518] [INFO   ] [GEAR   ] [MainScript.cpp:439 (ScriptMain)] STATUS: Selected=3 MemGear=3 Next=3 PedalClutch=0.000 ClutchKey=0 DriveCoupling=1.000 ClutchCandidateRO=0.884 InputThrottle=1.000 Brake=0.000 NativeRPM=0.884 SpeedKmH=108.4 SignedMps=30.11 | TCS=0.00 ABS=0.00 | Sig=0 Rev=0
[2026-07-25 22:16:39.546] [INFO   ] [GEAR   ] [MainScript.cpp:439 (ScriptMain)] STATUS: Selected=3 MemGear=3 Next=3 PedalClutch=0.000 ClutchKey=0 DriveCoupling=1.000 ClutchCandidateRO=0.915 InputThrottle=1.000 Brake=0.000 NativeRPM=0.915 SpeedKmH=112.2 SignedMps=31.18 | TCS=0.00 ABS=0.00 | Sig=0 Rev=0
[2026-07-25 22:16:40.469] [INFO   ] [GEAR   ] [GearLogic.cpp:159 (GearLogic::ApplyToMemory)] NATIVE_SHIFT_REQUEST: from=3 to=4 rpm=0.643 clutch=0.273 windowMs=240
[2026-07-25 22:16:40.559] [INFO   ] [GEAR   ] [MainScript.cpp:439 (ScriptMain)] STATUS: Selected=4 MemGear=4 Next=4 PedalClutch=0.000 ClutchKey=0 DriveCoupling=1.000 ClutchCandidateRO=0.694 InputThrottle=1.000 Brake=0.000 NativeRPM=0.694 SpeedKmH=109.7 SignedMps=30.49 | TCS=0.00 ABS=0.00 | Sig=0 Rev=0
[2026-07-25 22:16:41.569] [INFO   ] [GEAR   ] [MainScript.cpp:439 (ScriptMain)] STATUS: Selected=4 MemGear=4 Next=4 PedalClutch=0.000 ClutchKey=0 DriveCoupling=1.000 ClutchCandidateRO=0.715 InputThrottle=1.000 Brake=0.000 NativeRPM=0.716 SpeedKmH=113.1 SignedMps=31.43 | TCS=0.00 ABS=0.00 | Sig=0 Rev=0
[2026-07-25 22:16:42.580] [INFO   ] [GEAR   ] [MainScript.cpp:439 (ScriptMain)] STATUS: Selected=4 MemGear=4 Next=4 PedalClutch=0.000 ClutchKey=0 DriveCoupling=1.000 ClutchCandidateRO=0.767 InputThrottle=1.000 Brake=0.000 NativeRPM=0.767 SpeedKmH=121.1 SignedMps=33.61 | TCS=0.00 ABS=0.00 | Sig=0 Rev=0
[2026-07-25 22:16:43.596] [INFO   ] [GEAR   ] [MainScript.cpp:439 (ScriptMain)] STATUS: Selected=4 MemGear=4 Next=4 PedalClutch=0.000 ClutchKey=0 DriveCoupling=1.000 ClutchCandidateRO=0.789 InputThrottle=1.000 Brake=0.000 NativeRPM=0.789 SpeedKmH=124.7 SignedMps=34.63 | TCS=0.00 ABS=0.00 | Sig=0 Rev=0
[2026-07-25 22:16:44.617] [INFO   ] [GEAR   ] [MainScript.cpp:439 (ScriptMain)] STATUS: Selected=4 MemGear=4 Next=4 PedalClutch=0.000 ClutchKey=0 DriveCoupling=1.000 ClutchCandidateRO=0.816 InputThrottle=1.000 Brake=0.000 NativeRPM=0.819 SpeedKmH=129.1 SignedMps=35.84 | TCS=0.00 ABS=0.00 | Sig=0 Rev=0
[2026-07-25 22:16:45.638] [INFO   ] [GEAR   ] [MainScript.cpp:439 (ScriptMain)] STATUS: Selected=4 MemGear=4 Next=4 PedalClutch=0.000 ClutchKey=0 DriveCoupling=1.000 ClutchCandidateRO=0.882 InputThrottle=1.000 Brake=0.000 NativeRPM=0.882 SpeedKmH=138.7 SignedMps=38.53 | TCS=0.00 ABS=0.00 | Sig=0 Rev=0
[2026-07-25 22:16:46.504] [INFO   ] [GEAR   ] [GearLogic.cpp:159 (GearLogic::ApplyToMemory)] NATIVE_SHIFT_REQUEST: from=4 to=5 rpm=0.651 clutch=0.273 windowMs=240
[2026-07-25 22:16:46.654] [INFO   ] [GEAR   ] [MainScript.cpp:439 (ScriptMain)] STATUS: Selected=5 MemGear=5 Next=5 PedalClutch=0.000 ClutchKey=0 DriveCoupling=1.000 ClutchCandidateRO=0.740 InputThrottle=1.000 Brake=0.000 NativeRPM=0.740 SpeedKmH=136.9 SignedMps=38.03 | TCS=0.00 ABS=0.00 | Sig=0 Rev=0
[2026-07-25 22:16:47.664] [INFO   ] [GEAR   ] [MainScript.cpp:439 (ScriptMain)] STATUS: Selected=5 MemGear=5 Next=5 PedalClutch=0.000 ClutchKey=0 DriveCoupling=1.000 ClutchCandidateRO=0.748 InputThrottle=1.000 Brake=0.000 NativeRPM=0.748 SpeedKmH=138.6 SignedMps=38.49 | TCS=0.00 ABS=0.00 | Sig=0 Rev=0
[2026-07-25 22:16:48.685] [INFO   ] [GEAR   ] [MainScript.cpp:439 (ScriptMain)] STATUS: Selected=5 MemGear=5 Next=5 PedalClutch=0.000 ClutchKey=0 DriveCoupling=1.000 ClutchCandidateRO=0.744 InputThrottle=1.000 Brake=0.000 NativeRPM=0.744 SpeedKmH=137.6 SignedMps=38.21 | TCS=0.00 ABS=0.00 | Sig=0 Rev=0
[2026-07-25 22:16:49.699] [INFO   ] [GEAR   ] [MainScript.cpp:439 (ScriptMain)] STATUS: Selected=5 MemGear=5 Next=5 PedalClutch=0.000 ClutchKey=0 DriveCoupling=1.000 ClutchCandidateRO=0.772 InputThrottle=1.000 Brake=0.000 NativeRPM=0.772 SpeedKmH=141.7 SignedMps=39.36 | TCS=0.00 ABS=0.00 | Sig=0 Rev=0
[2026-07-25 22:16:50.708] [INFO   ] [GEAR   ] [MainScript.cpp:439 (ScriptMain)] STATUS: Selected=5 MemGear=255 Next=255 PedalClutch=1.000 ClutchKey=0 DriveCoupling=0.000 ClutchCandidateRO=0.596 InputThrottle=1.000 Brake=0.000 NativeRPM=0.579 SpeedKmH=140.3 SignedMps=38.98 | TCS=0.00 ABS=0.00 | Sig=0 Rev=0
[2026-07-25 22:16:51.730] [INFO   ] [GEAR   ] [MainScript.cpp:439 (ScriptMain)] STATUS: Selected=5 MemGear=5 Next=5 PedalClutch=0.000 ClutchKey=0 DriveCoupling=1.000 ClutchCandidateRO=0.682 InputThrottle=0.000 Brake=0.000 NativeRPM=0.680 SpeedKmH=127.4 SignedMps=35.38 | TCS=0.00 ABS=0.00 | Sig=0 Rev=0
[2026-07-25 22:16:52.738] [INFO   ] [GEAR   ] [MainScript.cpp:439 (ScriptMain)] STATUS: Selected=5 MemGear=5 Next=5 PedalClutch=0.000 ClutchKey=0 DriveCoupling=1.000 ClutchCandidateRO=0.394 InputThrottle=0.000 Brake=0.000 NativeRPM=0.377 SpeedKmH=108.2 SignedMps=30.05 | TCS=0.00 ABS=0.00 | Sig=0 Rev=0
[2026-07-25 22:16:53.756] [INFO   ] [GEAR   ] [MainScript.cpp:439 (ScriptMain)] STATUS: Selected=5 MemGear=5 Next=5 PedalClutch=0.000 ClutchKey=0 DriveCoupling=1.000 ClutchCandidateRO=0.259 InputThrottle=0.000 Brake=0.751 NativeRPM=0.253 SpeedKmH=46.7 SignedMps=12.82 | TCS=0.00 ABS=0.00 | Sig=0 Rev=0
[2026-07-25 22:16:54.770] [INFO   ] [GEAR   ] [MainScript.cpp:439 (ScriptMain)] STATUS: Selected=5 MemGear=5 Next=5 PedalClutch=0.000 ClutchKey=0 DriveCoupling=1.000 ClutchCandidateRO=0.200 InputThrottle=0.000 Brake=0.190 NativeRPM=0.200 SpeedKmH=27.2 SignedMps=7.57 | TCS=0.00 ABS=0.00 | Sig=0 Rev=0
[2026-07-25 22:16:55.677] [WARN   ] [SCRIPT ] [MainScript.cpp:302 (ScriptMain)] Engine died externally (fire/destroyed). Reflecting state.
[2026-07-25 22:16:55.784] [INFO   ] [GEAR   ] [MainScript.cpp:439 (ScriptMain)] STATUS: Selected=5 MemGear=5 Next=5 PedalClutch=0.000 ClutchKey=0 DriveCoupling=1.000 ClutchCandidateRO=0.200 InputThrottle=0.000 Brake=0.333 NativeRPM=0.200 SpeedKmH=0.8 SignedMps=-0.04 | TCS=0.00 ABS=0.00 | Sig=0 Rev=0
[2026-07-25 22:16:56.534] [INFO   ] [SCRIPT ] [MainScript.cpp:205 (ScriptMain)] Player exited vehicle 487685 — resetting session state
[2026-07-25 22:17:12.023] [INFO   ] [SCRIPT ] [MainScript.cpp:250 (ScriptMain)] Entered vehicle handle=536070 maxGear=5
[2026-07-25 22:17:12.023] [INFO   ] [SCRIPT ] [MainScript.cpp:259 (ScriptMain)] Cold start required — engine forced OFF for vehicle 536070
[2026-07-25 22:17:12.530] [INFO   ] [GEAR   ] [MainScript.cpp:439 (ScriptMain)] STATUS: Selected=5 MemGear=1 Next=1 PedalClutch=0.000 ClutchKey=0 DriveCoupling=0.000 ClutchCandidateRO=0.200 InputThrottle=0.000 Brake=0.000 NativeRPM=0.200 SpeedKmH=0.0 SignedMps=0.00 | TCS=0.00 ABS=0.00 | Sig=0 Rev=0
[2026-07-25 22:17:13.541] [INFO   ] [GEAR   ] [MainScript.cpp:439 (ScriptMain)] STATUS: Selected=0 MemGear=255 Next=255 PedalClutch=0.000 ClutchKey=0 DriveCoupling=0.000 ClutchCandidateRO=0.200 InputThrottle=0.000 Brake=0.000 NativeRPM=0.200 SpeedKmH=0.0 SignedMps=0.00 | TCS=0.00 ABS=0.00 | Sig=0 Rev=0
[2026-07-25 22:17:13.748] [INFO   ] [SCRIPT ] [MainScript.cpp:292 (ScriptMain)] Engine key → ON
[2026-07-25 22:17:14.559] [INFO   ] [GEAR   ] [MainScript.cpp:439 (ScriptMain)] STATUS: Selected=0 MemGear=255 Next=255 PedalClutch=0.000 ClutchKey=0 DriveCoupling=0.000 ClutchCandidateRO=0.200 InputThrottle=1.000 Brake=0.000 NativeRPM=0.200 SpeedKmH=0.0 SignedMps=0.00 | TCS=0.00 ABS=0.00 | Sig=0 Rev=0
[2026-07-25 22:17:15.565] [INFO   ] [GEAR   ] [MainScript.cpp:439 (ScriptMain)] STATUS: Selected=0 MemGear=255 Next=255 PedalClutch=1.000 ClutchKey=1 DriveCoupling=0.000 ClutchCandidateRO=0.200 InputThrottle=1.000 Brake=0.000 NativeRPM=0.200 SpeedKmH=0.1 SignedMps=-0.00 | TCS=0.00 ABS=0.00 | Sig=0 Rev=0
[2026-07-25 22:17:16.591] [INFO   ] [GEAR   ] [MainScript.cpp:439 (ScriptMain)] STATUS: Selected=0 MemGear=255 Next=255 PedalClutch=1.000 ClutchKey=1 DriveCoupling=0.000 ClutchCandidateRO=0.200 InputThrottle=0.000 Brake=0.000 NativeRPM=0.200 SpeedKmH=0.0 SignedMps=-0.00 | TCS=0.00 ABS=0.00 | Sig=0 Rev=0
[2026-07-25 22:17:17.409] [INFO   ] [GEAR   ] [GearLogic.cpp:159 (GearLogic::ApplyToMemory)] NATIVE_SHIFT_REQUEST: from=0 to=-1 rpm=0.200 clutch=0.139 windowMs=240
[2026-07-25 22:17:17.604] [INFO   ] [GEAR   ] [MainScript.cpp:439 (ScriptMain)] STATUS: Selected=-1 MemGear=0 Next=0 PedalClutch=0.000 ClutchKey=0 DriveCoupling=1.000 ClutchCandidateRO=0.200 InputThrottle=1.000 Brake=0.000 NativeRPM=0.200 SpeedKmH=5.6 SignedMps=-1.45 | TCS=0.00 ABS=0.00 | Sig=0 Rev=1
[2026-07-25 22:17:18.303] [WARN   ] [GEAR   ] [MainScript.cpp:511 (ScriptMain)] Gear grind: gear=-1 clutch=0.000 rpm=0.2000
[2026-07-25 22:17:18.623] [INFO   ] [GEAR   ] [MainScript.cpp:439 (ScriptMain)] STATUS: Selected=0 MemGear=255 Next=255 PedalClutch=1.000 ClutchKey=0 DriveCoupling=0.000 ClutchCandidateRO=0.200 InputThrottle=0.999 Brake=0.000 NativeRPM=0.200 SpeedKmH=2.2 SignedMps=-0.62 | TCS=0.00 ABS=0.00 | Sig=0 Rev=0
[2026-07-25 22:17:18.746] [INFO   ] [GEAR   ] [GearLogic.cpp:159 (GearLogic::ApplyToMemory)] NATIVE_SHIFT_REQUEST: from=-1 to=0 rpm=0.200 clutch=0.273 windowMs=240
[2026-07-25 22:17:19.414] [INFO   ] [GEAR   ] [GearLogic.cpp:159 (GearLogic::ApplyToMemory)] NATIVE_SHIFT_REQUEST: from=0 to=1 rpm=0.200 clutch=0.284 windowMs=240
[2026-07-25 22:17:19.627] [INFO   ] [GEAR   ] [MainScript.cpp:439 (ScriptMain)] STATUS: Selected=1 MemGear=1 Next=1 PedalClutch=0.000 ClutchKey=0 DriveCoupling=1.000 ClutchCandidateRO=0.396 InputThrottle=1.000 Brake=0.000 NativeRPM=0.412 SpeedKmH=2.2 SignedMps=0.62 | TCS=0.00 ABS=0.00 | Sig=0 Rev=0
[2026-07-25 22:17:20.650] [INFO   ] [GEAR   ] [MainScript.cpp:439 (ScriptMain)] STATUS: Selected=1 MemGear=1 Next=1 PedalClutch=0.000 ClutchKey=0 DriveCoupling=1.000 ClutchCandidateRO=0.665 InputThrottle=1.000 Brake=0.000 NativeRPM=0.673 SpeedKmH=31.2 SignedMps=8.65 | TCS=0.00 ABS=0.00 | Sig=0 Rev=0
[2026-07-25 22:17:21.663] [INFO   ] [GEAR   ] [MainScript.cpp:439 (ScriptMain)] STATUS: Selected=1 MemGear=2 Next=2 PedalClutch=1.000 ClutchKey=1 DriveCoupling=1.000 ClutchCandidateRO=0.958 InputThrottle=1.000 Brake=0.000 NativeRPM=0.950 SpeedKmH=38.2 SignedMps=10.62 | TCS=0.00 ABS=0.00 | Sig=0 Rev=0
[2026-07-25 22:17:21.949] [INFO   ] [GEAR   ] [GearLogic.cpp:159 (GearLogic::ApplyToMemory)] NATIVE_SHIFT_REQUEST: from=1 to=2 rpm=0.664 clutch=0.273 windowMs=240
[2026-07-25 22:17:22.690] [INFO   ] [GEAR   ] [MainScript.cpp:439 (ScriptMain)] STATUS: Selected=2 MemGear=2 Next=2 PedalClutch=0.000 ClutchKey=0 DriveCoupling=1.000 ClutchCandidateRO=0.601 InputThrottle=1.000 Brake=0.000 NativeRPM=0.603 SpeedKmH=48.6 SignedMps=13.49 | TCS=0.00 ABS=0.00 | Sig=0 Rev=0
[2026-07-25 22:17:23.719] [INFO   ] [GEAR   ] [MainScript.cpp:439 (ScriptMain)] STATUS: Selected=2 MemGear=2 Next=2 PedalClutch=0.000 ClutchKey=0 DriveCoupling=1.000 ClutchCandidateRO=0.853 InputThrottle=1.000 Brake=0.000 NativeRPM=0.855 SpeedKmH=68.6 SignedMps=19.06 | TCS=0.00 ABS=0.00 | Sig=0 Rev=0
[2026-07-25 22:17:24.735] [INFO   ] [GEAR   ] [MainScript.cpp:439 (ScriptMain)] STATUS: Selected=3 MemGear=255 Next=255 PedalClutch=1.000 ClutchKey=0 DriveCoupling=0.000 ClutchCandidateRO=0.653 InputThrottle=1.000 Brake=0.000 NativeRPM=0.645 SpeedKmH=73.4 SignedMps=20.39 | TCS=0.00 ABS=0.00 | Sig=0 Rev=0
[2026-07-25 22:17:24.852] [INFO   ] [GEAR   ] [GearLogic.cpp:159 (GearLogic::ApplyToMemory)] NATIVE_SHIFT_REQUEST: from=2 to=3 rpm=0.526 clutch=0.273 windowMs=240
[2026-07-25 22:17:25.744] [INFO   ] [GEAR   ] [MainScript.cpp:439 (ScriptMain)] STATUS: Selected=3 MemGear=3 Next=3 PedalClutch=0.000 ClutchKey=0 DriveCoupling=1.000 ClutchCandidateRO=0.717 InputThrottle=1.000 Brake=0.000 NativeRPM=0.719 SpeedKmH=82.1 SignedMps=22.80 | TCS=0.00 ABS=0.00 | Sig=0 Rev=0
[2026-07-25 22:17:26.767] [INFO   ] [GEAR   ] [MainScript.cpp:439 (ScriptMain)] STATUS: Selected=3 MemGear=3 Next=3 PedalClutch=0.000 ClutchKey=0 DriveCoupling=1.000 ClutchCandidateRO=0.820 InputThrottle=1.000 Brake=0.000 NativeRPM=0.822 SpeedKmH=93.7 SignedMps=26.01 | TCS=0.00 ABS=0.00 | Sig=0 Rev=0
[2026-07-25 22:17:27.798] [INFO   ] [GEAR   ] [MainScript.cpp:439 (ScriptMain)] STATUS: Selected=3 MemGear=3 Next=3 PedalClutch=0.000 ClutchKey=0 DriveCoupling=1.000 ClutchCandidateRO=0.891 InputThrottle=1.000 Brake=0.000 NativeRPM=0.891 SpeedKmH=102.0 SignedMps=28.32 | TCS=0.00 ABS=0.00 | Sig=0 Rev=0
[2026-07-25 22:17:28.814] [INFO   ] [GEAR   ] [MainScript.cpp:439 (ScriptMain)] STATUS: Selected=3 MemGear=3 Next=3 PedalClutch=0.000 ClutchKey=0 DriveCoupling=1.000 ClutchCandidateRO=0.936 InputThrottle=1.000 Brake=0.000 NativeRPM=0.936 SpeedKmH=106.8 SignedMps=29.68 | TCS=0.00 ABS=0.00 | Sig=0 Rev=0
[2026-07-25 22:17:29.839] [INFO   ] [GEAR   ] [MainScript.cpp:439 (ScriptMain)] STATUS: Selected=3 MemGear=3 Next=3 PedalClutch=0.000 ClutchKey=0 DriveCoupling=1.000 ClutchCandidateRO=0.934 InputThrottle=1.000 Brake=0.000 NativeRPM=0.935 SpeedKmH=106.6 SignedMps=29.60 | TCS=0.00 ABS=0.00 | Sig=0 Rev=0
[2026-07-25 22:17:30.859] [INFO   ] [GEAR   ] [MainScript.cpp:439 (ScriptMain)] STATUS: Selected=4 MemGear=255 Next=255 PedalClutch=1.000 ClutchKey=0 DriveCoupling=0.000 ClutchCandidateRO=0.595 InputThrottle=1.000 Brake=0.000 NativeRPM=0.587 SpeedKmH=101.7 SignedMps=28.25 | TCS=0.00 ABS=0.00 | Sig=0 Rev=0
[2026-07-25 22:17:30.945] [INFO   ] [GEAR   ] [GearLogic.cpp:159 (GearLogic::ApplyToMemory)] NATIVE_SHIFT_REQUEST: from=3 to=4 rpm=0.501 clutch=0.273 windowMs=240
[2026-07-25 22:17:31.874] [INFO   ] [GEAR   ] [MainScript.cpp:439 (ScriptMain)] STATUS: Selected=4 MemGear=4 Next=4 PedalClutch=0.000 ClutchKey=0 DriveCoupling=1.000 ClutchCandidateRO=0.719 InputThrottle=1.000 Brake=0.000 NativeRPM=0.719 SpeedKmH=105.5 SignedMps=29.30 | TCS=0.00 ABS=0.00 | Sig=0 Rev=0
[2026-07-25 22:17:32.878] [INFO   ] [GEAR   ] [MainScript.cpp:439 (ScriptMain)] STATUS: Selected=4 MemGear=4 Next=4 PedalClutch=0.000 ClutchKey=0 DriveCoupling=1.000 ClutchCandidateRO=0.736 InputThrottle=1.000 Brake=0.000 NativeRPM=0.736 SpeedKmH=108.4 SignedMps=30.11 | TCS=0.00 ABS=0.00 | Sig=0 Rev=0
[2026-07-25 22:17:33.893] [INFO   ] [GEAR   ] [MainScript.cpp:439 (ScriptMain)] STATUS: Selected=4 MemGear=4 Next=4 PedalClutch=0.000 ClutchKey=0 DriveCoupling=1.000 ClutchCandidateRO=0.747 InputThrottle=1.000 Brake=0.000 NativeRPM=0.747 SpeedKmH=110.0 SignedMps=30.55 | TCS=0.00 ABS=0.00 | Sig=0 Rev=0
[2026-07-25 22:17:34.912] [INFO   ] [GEAR   ] [MainScript.cpp:439 (ScriptMain)] STATUS: Selected=4 MemGear=4 Next=4 PedalClutch=0.000 ClutchKey=0 DriveCoupling=1.000 ClutchCandidateRO=0.788 InputThrottle=1.000 Brake=0.000 NativeRPM=0.788 SpeedKmH=115.8 SignedMps=32.18 | TCS=0.00 ABS=0.00 | Sig=0 Rev=0
[2026-07-25 22:17:35.941] [INFO   ] [GEAR   ] [MainScript.cpp:439 (ScriptMain)] STATUS: Selected=4 MemGear=4 Next=4 PedalClutch=0.000 ClutchKey=0 DriveCoupling=1.000 ClutchCandidateRO=0.823 InputThrottle=1.000 Brake=0.000 NativeRPM=0.823 SpeedKmH=121.1 SignedMps=33.64 | TCS=0.00 ABS=0.00 | Sig=0 Rev=0
[2026-07-25 22:17:36.971] [INFO   ] [GEAR   ] [MainScript.cpp:439 (ScriptMain)] STATUS: Selected=4 MemGear=4 Next=4 PedalClutch=0.000 ClutchKey=0 DriveCoupling=1.000 ClutchCandidateRO=0.825 InputThrottle=1.000 Brake=0.000 NativeRPM=0.825 SpeedKmH=120.6 SignedMps=33.48 | TCS=0.00 ABS=0.00 | Sig=0 Rev=0
[2026-07-25 22:17:38.001] [INFO   ] [GEAR   ] [MainScript.cpp:439 (ScriptMain)] STATUS: Selected=4 MemGear=4 Next=4 PedalClutch=0.000 ClutchKey=0 DriveCoupling=1.000 ClutchCandidateRO=0.794 InputThrottle=1.000 Brake=0.000 NativeRPM=0.793 SpeedKmH=115.7 SignedMps=32.12 | TCS=0.00 ABS=0.00 | Sig=0 Rev=0
[2026-07-25 22:17:39.011] [INFO   ] [GEAR   ] [MainScript.cpp:439 (ScriptMain)] STATUS: Selected=4 MemGear=4 Next=4 PedalClutch=0.000 ClutchKey=0 DriveCoupling=1.000 ClutchCandidateRO=0.782 InputThrottle=1.000 Brake=0.000 NativeRPM=0.782 SpeedKmH=115.0 SignedMps=31.93 | TCS=0.00 ABS=0.00 | Sig=0 Rev=0
[2026-07-25 22:17:40.029] [INFO   ] [GEAR   ] [MainScript.cpp:439 (ScriptMain)] STATUS: Selected=3 MemGear=255 Next=255 PedalClutch=1.000 ClutchKey=0 DriveCoupling=0.000 ClutchCandidateRO=0.601 InputThrottle=0.934 Brake=0.000 NativeRPM=0.592 SpeedKmH=110.8 SignedMps=30.77 | TCS=0.00 ABS=0.00 | Sig=0 Rev=0
[2026-07-25 22:17:40.110] [INFO   ] [GEAR   ] [GearLogic.cpp:159 (GearLogic::ApplyToMemory)] NATIVE_SHIFT_REQUEST: from=4 to=3 rpm=0.510 clutch=0.273 windowMs=240
[2026-07-25 22:17:41.034] [INFO   ] [GEAR   ] [MainScript.cpp:439 (ScriptMain)] STATUS: Selected=3 MemGear=3 Next=3 PedalClutch=0.000 ClutchKey=0 DriveCoupling=1.000 ClutchCandidateRO=0.928 InputThrottle=1.000 Brake=0.000 NativeRPM=0.928 SpeedKmH=105.9 SignedMps=29.41 | TCS=0.00 ABS=0.00 | Sig=0 Rev=0
[2026-07-25 22:17:42.049] [INFO   ] [GEAR   ] [MainScript.cpp:439 (ScriptMain)] STATUS: Selected=3 MemGear=3 Next=4 PedalClutch=0.000 ClutchKey=0 DriveCoupling=1.000 ClutchCandidateRO=0.950 InputThrottle=1.000 Brake=0.000 NativeRPM=0.941 SpeedKmH=109.1 SignedMps=30.30 | TCS=0.00 ABS=0.00 | Sig=0 Rev=0
[2026-07-25 22:17:42.321] [WARN   ] [GEAR   ] [MainScript.cpp:511 (ScriptMain)] Gear grind: gear=3 clutch=0.000 rpm=0.7230
[2026-07-25 22:17:43.067] [INFO   ] [GEAR   ] [MainScript.cpp:439 (ScriptMain)] STATUS: Selected=3 MemGear=3 Next=3 PedalClutch=0.000 ClutchKey=0 DriveCoupling=1.000 ClutchCandidateRO=0.873 InputThrottle=1.000 Brake=0.000 NativeRPM=0.874 SpeedKmH=99.6 SignedMps=27.66 | TCS=0.00 ABS=0.00 | Sig=0 Rev=0
[2026-07-25 22:17:44.097] [INFO   ] [GEAR   ] [MainScript.cpp:439 (ScriptMain)] STATUS: Selected=3 MemGear=3 Next=3 PedalClutch=0.000 ClutchKey=0 DriveCoupling=1.000 ClutchCandidateRO=0.921 InputThrottle=1.000 Brake=0.000 NativeRPM=0.922 SpeedKmH=105.1 SignedMps=29.19 | TCS=0.00 ABS=0.00 | Sig=0 Rev=0
[2026-07-25 22:17:45.114] [INFO   ] [GEAR   ] [MainScript.cpp:439 (ScriptMain)] STATUS: Selected=2 MemGear=255 Next=255 PedalClutch=1.000 ClutchKey=1 DriveCoupling=0.000 ClutchCandidateRO=0.755 InputThrottle=0.000 Brake=0.000 NativeRPM=0.744 SpeedKmH=93.1 SignedMps=25.85 | TCS=0.00 ABS=0.00 | Sig=0 Rev=0
[2026-07-25 22:17:45.335] [INFO   ] [GEAR   ] [GearLogic.cpp:159 (GearLogic::ApplyToMemory)] NATIVE_SHIFT_REQUEST: from=3 to=2 rpm=0.520 clutch=0.273 windowMs=240
[2026-07-25 22:17:46.132] [INFO   ] [GEAR   ] [MainScript.cpp:439 (ScriptMain)] STATUS: Selected=2 MemGear=2 Next=2 PedalClutch=0.000 ClutchKey=0 DriveCoupling=1.000 ClutchCandidateRO=0.523 InputThrottle=1.000 Brake=0.252 NativeRPM=0.525 SpeedKmH=42.1 SignedMps=11.70 | TCS=0.00 ABS=0.00 | Sig=0 Rev=0
[2026-07-25 22:17:46.601] [INFO   ] [GEAR   ] [GearLogic.cpp:159 (GearLogic::ApplyToMemory)] NATIVE_SHIFT_REQUEST: from=2 to=1 rpm=0.332 clutch=0.273 windowMs=240
[2026-07-25 22:17:47.149] [INFO   ] [GEAR   ] [MainScript.cpp:439 (ScriptMain)] STATUS: Selected=1 MemGear=1 Next=2 PedalClutch=0.000 ClutchKey=0 DriveCoupling=1.000 ClutchCandidateRO=0.360 InputThrottle=1.000 Brake=0.062 NativeRPM=0.352 SpeedKmH=38.3 SignedMps=10.63 | TCS=0.00 ABS=0.00 | Sig=0 Rev=0
[2026-07-25 22:17:48.173] [INFO   ] [GEAR   ] [MainScript.cpp:439 (ScriptMain)] STATUS: Selected=1 MemGear=1 Next=1 PedalClutch=0.000 ClutchKey=0 DriveCoupling=1.000 ClutchCandidateRO=0.856 InputThrottle=1.000 Brake=0.016 NativeRPM=0.873 SpeedKmH=38.1 SignedMps=10.58 | TCS=0.00 ABS=0.00 | Sig=0 Rev=0
[2026-07-25 22:17:48.806] [INFO   ] [GEAR   ] [GearLogic.cpp:159 (GearLogic::ApplyToMemory)] NATIVE_SHIFT_REQUEST: from=1 to=2 rpm=0.702 clutch=0.273 windowMs=240
[2026-07-25 22:17:49.187] [INFO   ] [GEAR   ] [MainScript.cpp:439 (ScriptMain)] STATUS: Selected=2 MemGear=2 Next=2 PedalClutch=0.000 ClutchKey=0 DriveCoupling=1.000 ClutchCandidateRO=0.540 InputThrottle=1.000 Brake=0.004 NativeRPM=0.542 SpeedKmH=42.8 SignedMps=11.86 | TCS=0.00 ABS=0.00 | Sig=0 Rev=0
[2026-07-25 22:17:50.190] [INFO   ] [GEAR   ] [MainScript.cpp:439 (ScriptMain)] STATUS: Selected=2 MemGear=2 Next=2 PedalClutch=0.000 ClutchKey=0 DriveCoupling=1.000 ClutchCandidateRO=0.777 InputThrottle=1.000 Brake=0.001 NativeRPM=0.779 SpeedKmH=62.5 SignedMps=17.35 | TCS=0.00 ABS=0.00 | Sig=0 Rev=0
[2026-07-25 22:17:51.209] [INFO   ] [GEAR   ] [MainScript.cpp:439 (ScriptMain)] STATUS: Selected=3 MemGear=255 Next=255 PedalClutch=1.000 ClutchKey=0 DriveCoupling=0.000 ClutchCandidateRO=0.778 InputThrottle=1.000 Brake=0.000 NativeRPM=0.767 SpeedKmH=72.9 SignedMps=20.24 | TCS=0.00 ABS=0.00 | Sig=0 Rev=0
[2026-07-25 22:17:51.340] [INFO   ] [GEAR   ] [GearLogic.cpp:159 (GearLogic::ApplyToMemory)] NATIVE_SHIFT_REQUEST: from=2 to=3 rpm=0.635 clutch=0.273 windowMs=240
[2026-07-25 22:17:52.235] [INFO   ] [GEAR   ] [MainScript.cpp:439 (ScriptMain)] STATUS: Selected=3 MemGear=3 Next=3 PedalClutch=0.000 ClutchKey=0 DriveCoupling=1.000 ClutchCandidateRO=0.713 InputThrottle=1.000 Brake=0.000 NativeRPM=0.714 SpeedKmH=81.4 SignedMps=22.61 | TCS=0.00 ABS=0.00 | Sig=0 Rev=0
[2026-07-25 22:17:53.242] [INFO   ] [GEAR   ] [MainScript.cpp:439 (ScriptMain)] STATUS: Selected=3 MemGear=3 Next=3 PedalClutch=0.000 ClutchKey=0 DriveCoupling=1.000 ClutchCandidateRO=0.814 InputThrottle=1.000 Brake=0.000 NativeRPM=0.815 SpeedKmH=92.9 SignedMps=25.81 | TCS=0.00 ABS=0.00 | Sig=0 Rev=0
[2026-07-25 22:17:54.267] [INFO   ] [GEAR   ] [MainScript.cpp:439 (ScriptMain)] STATUS: Selected=3 MemGear=3 Next=3 PedalClutch=0.000 ClutchKey=0 DriveCoupling=1.000 ClutchCandidateRO=0.894 InputThrottle=1.000 Brake=0.000 NativeRPM=0.895 SpeedKmH=101.9 SignedMps=28.32 | TCS=0.00 ABS=0.00 | Sig=0 Rev=0
[2026-07-25 22:17:54.627] [WARN   ] [GEAR   ] [MainScript.cpp:511 (ScriptMain)] Gear grind: gear=3 clutch=0.000 rpm=0.9154
[2026-07-25 22:17:55.275] [INFO   ] [GEAR   ] [MainScript.cpp:439 (ScriptMain)] STATUS: Selected=3 MemGear=3 Next=3 PedalClutch=0.000 ClutchKey=0 DriveCoupling=1.000 ClutchCandidateRO=0.895 InputThrottle=1.000 Brake=0.000 NativeRPM=0.896 SpeedKmH=102.1 SignedMps=28.36 | TCS=0.00 ABS=0.00 | Sig=0 Rev=0
[2026-07-25 22:17:55.898] [INFO   ] [GEAR   ] [GearLogic.cpp:159 (GearLogic::ApplyToMemory)] NATIVE_SHIFT_REQUEST: from=3 to=4 rpm=0.652 clutch=0.273 windowMs=240
[2026-07-25 22:17:56.284] [INFO   ] [GEAR   ] [MainScript.cpp:439 (ScriptMain)] STATUS: Selected=4 MemGear=4 Next=4 PedalClutch=0.000 ClutchKey=0 DriveCoupling=1.000 ClutchCandidateRO=0.703 InputThrottle=1.000 Brake=0.000 NativeRPM=0.704 SpeedKmH=103.1 SignedMps=28.62 | TCS=0.00 ABS=0.00 | Sig=0 Rev=0
[2026-07-25 22:17:57.303] [INFO   ] [GEAR   ] [MainScript.cpp:439 (ScriptMain)] STATUS: Selected=4 MemGear=4 Next=4 PedalClutch=0.000 ClutchKey=0 DriveCoupling=1.000 ClutchCandidateRO=0.731 InputThrottle=1.000 Brake=0.000 NativeRPM=0.731 SpeedKmH=107.5 SignedMps=29.86 | TCS=0.00 ABS=0.00 | Sig=0 Rev=0
[2026-07-25 22:17:58.317] [INFO   ] [GEAR   ] [MainScript.cpp:439 (ScriptMain)] STATUS: Selected=4 MemGear=4 Next=4 PedalClutch=0.000 ClutchKey=0 DriveCoupling=1.000 ClutchCandidateRO=0.769 InputThrottle=1.000 Brake=0.000 NativeRPM=0.769 SpeedKmH=113.0 SignedMps=31.39 | TCS=0.00 ABS=0.00 | Sig=0 Rev=0
[2026-07-25 22:17:59.337] [INFO   ] [GEAR   ] [MainScript.cpp:439 (ScriptMain)] STATUS: Selected=4 MemGear=4 Next=4 PedalClutch=0.000 ClutchKey=0 DriveCoupling=1.000 ClutchCandidateRO=0.802 InputThrottle=1.000 Brake=0.000 NativeRPM=0.802 SpeedKmH=117.9 SignedMps=32.74 | TCS=0.00 ABS=0.00 | Sig=0 Rev=0
[2026-07-25 22:18:00.354] [INFO   ] [GEAR   ] [MainScript.cpp:439 (ScriptMain)] STATUS: Selected=4 MemGear=4 Next=4 PedalClutch=0.000 ClutchKey=0 DriveCoupling=1.000 ClutchCandidateRO=0.815 InputThrottle=1.000 Brake=0.000 NativeRPM=0.815 SpeedKmH=120.0 SignedMps=33.33 | TCS=0.00 ABS=0.00 | Sig=0 Rev=0
[2026-07-25 22:18:01.375] [INFO   ] [GEAR   ] [MainScript.cpp:439 (ScriptMain)] STATUS: Selected=4 MemGear=4 Next=4 PedalClutch=0.000 ClutchKey=0 DriveCoupling=1.000 ClutchCandidateRO=0.838 InputThrottle=1.000 Brake=0.000 NativeRPM=0.839 SpeedKmH=123.3 SignedMps=34.26 | TCS=0.00 ABS=0.00 | Sig=0 Rev=0
[2026-07-25 22:18:02.389] [INFO   ] [GEAR   ] [MainScript.cpp:439 (ScriptMain)] STATUS: Selected=4 MemGear=4 Next=4 PedalClutch=0.000 ClutchKey=0 DriveCoupling=1.000 ClutchCandidateRO=0.853 InputThrottle=1.000 Brake=0.000 NativeRPM=0.852 SpeedKmH=125.3 SignedMps=34.80 | TCS=0.00 ABS=0.00 | Sig=0 Rev=0
[2026-07-25 22:18:03.082] [INFO   ] [GEAR   ] [GearLogic.cpp:159 (GearLogic::ApplyToMemory)] NATIVE_SHIFT_REQUEST: from=4 to=5 rpm=0.209 clutch=0.273 windowMs=240
[2026-07-25 22:18:03.404] [INFO   ] [GEAR   ] [MainScript.cpp:439 (ScriptMain)] STATUS: Selected=5 MemGear=4 Next=4 PedalClutch=0.000 ClutchKey=0 DriveCoupling=1.000 ClutchCandidateRO=0.200 InputThrottle=1.000 Brake=0.000 NativeRPM=0.200 SpeedKmH=106.7 SignedMps=29.63 | TCS=0.00 ABS=0.00 | Sig=0 Rev=0
[2026-07-25 22:18:04.410] [INFO   ] [GEAR   ] [MainScript.cpp:439 (ScriptMain)] STATUS: Selected=5 MemGear=4 Next=4 PedalClutch=0.000 ClutchKey=0 DriveCoupling=1.000 ClutchCandidateRO=0.200 InputThrottle=1.000 Brake=0.000 NativeRPM=0.200 SpeedKmH=89.0 SignedMps=24.73 | TCS=0.00 ABS=0.00 | Sig=0 Rev=0
[2026-07-25 22:18:05.123] [INFO   ] [GEAR   ] [GearLogic.cpp:159 (GearLogic::ApplyToMemory)] NATIVE_SHIFT_REQUEST: from=5 to=4 rpm=0.200 clutch=0.273 windowMs=240
[2026-07-25 22:18:05.433] [INFO   ] [GEAR   ] [MainScript.cpp:439 (ScriptMain)] STATUS: Selected=4 MemGear=4 Next=3 PedalClutch=0.000 ClutchKey=0 DriveCoupling=1.000 ClutchCandidateRO=0.200 InputThrottle=1.000 Brake=0.000 NativeRPM=0.200 SpeedKmH=72.5 SignedMps=20.15 | TCS=0.00 ABS=0.00 | Sig=0 Rev=0
[2026-07-25 22:18:06.456] [INFO   ] [GEAR   ] [MainScript.cpp:439 (ScriptMain)] STATUS: Selected=4 MemGear=3 Next=2 PedalClutch=0.000 ClutchKey=0 DriveCoupling=1.000 ClutchCandidateRO=0.200 InputThrottle=1.000 Brake=0.000 NativeRPM=0.200 SpeedKmH=57.0 SignedMps=15.84 | TCS=0.00 ABS=0.00 | Sig=0 Rev=0
[2026-07-25 22:18:07.481] [INFO   ] [GEAR   ] [MainScript.cpp:439 (ScriptMain)] STATUS: Selected=3 MemGear=255 Next=255 PedalClutch=1.000 ClutchKey=0 DriveCoupling=0.000 ClutchCandidateRO=0.200 InputThrottle=0.000 Brake=0.000 NativeRPM=0.200 SpeedKmH=42.7 SignedMps=11.86 | TCS=0.00 ABS=0.00 | Sig=0 Rev=0
[2026-07-25 22:18:07.587] [INFO   ] [GEAR   ] [GearLogic.cpp:159 (GearLogic::ApplyToMemory)] NATIVE_SHIFT_REQUEST: from=4 to=3 rpm=0.200 clutch=0.273 windowMs=240
[2026-07-25 22:18:08.492] [INFO   ] [GEAR   ] [MainScript.cpp:439 (ScriptMain)] STATUS: Selected=3 MemGear=255 Next=255 PedalClutch=1.000 ClutchKey=1 DriveCoupling=0.000 ClutchCandidateRO=0.200 InputThrottle=1.000 Brake=0.000 NativeRPM=0.200 SpeedKmH=29.1 SignedMps=8.08 | TCS=0.00 ABS=0.00 | Sig=0 Rev=0
[2026-07-25 22:18:09.085] [INFO   ] [GEAR   ] [GearLogic.cpp:159 (GearLogic::ApplyToMemory)] NATIVE_SHIFT_REQUEST: from=3 to=2 rpm=0.200 clutch=0.273 windowMs=240
[2026-07-25 22:18:09.507] [INFO   ] [GEAR   ] [MainScript.cpp:439 (ScriptMain)] STATUS: Selected=2 MemGear=1 Next=1 PedalClutch=0.000 ClutchKey=0 DriveCoupling=1.000 ClutchCandidateRO=0.513 InputThrottle=1.000 Brake=0.000 NativeRPM=0.522 SpeedKmH=20.1 SignedMps=5.59 | TCS=0.00 ABS=0.00 | Sig=0 Rev=0
[2026-07-25 22:18:10.527] [INFO   ] [GEAR   ] [MainScript.cpp:439 (ScriptMain)] STATUS: Selected=2 MemGear=1 Next=1 PedalClutch=0.000 ClutchKey=0 DriveCoupling=1.000 ClutchCandidateRO=0.958 InputThrottle=1.000 Brake=0.000 NativeRPM=0.952 SpeedKmH=27.1 SignedMps=7.54 | TCS=0.00 ABS=0.00 | Sig=0 Rev=0
[2026-07-25 22:18:11.540] [INFO   ] [GEAR   ] [MainScript.cpp:439 (ScriptMain)] STATUS: Selected=2 MemGear=1 Next=1 PedalClutch=0.000 ClutchKey=0 DriveCoupling=1.000 ClutchCandidateRO=0.949 InputThrottle=1.000 Brake=0.000 NativeRPM=0.956 SpeedKmH=29.3 SignedMps=8.13 | TCS=0.00 ABS=0.00 | Sig=0 Rev=0
[2026-07-25 22:18:12.565] [INFO   ] [GEAR   ] [MainScript.cpp:439 (ScriptMain)] STATUS: Selected=2 MemGear=255 Next=255 PedalClutch=0.998 ClutchKey=0 DriveCoupling=0.000 ClutchCandidateRO=0.277 InputThrottle=1.000 Brake=0.000 NativeRPM=0.268 SpeedKmH=16.8 SignedMps=4.61 | TCS=0.00 ABS=0.00 | Sig=0 Rev=0
[2026-07-25 22:18:13.573] [INFO   ] [GEAR   ] [MainScript.cpp:439 (ScriptMain)] STATUS: Selected=2 MemGear=2 Next=1 PedalClutch=0.046 ClutchKey=0 DriveCoupling=0.861 ClutchCandidateRO=0.217 InputThrottle=1.000 Brake=0.000 NativeRPM=0.233 SpeedKmH=5.8 SignedMps=1.61 | TCS=0.00 ABS=0.00 | Sig=0 Rev=0
[2026-07-25 22:18:14.586] [INFO   ] [GEAR   ] [MainScript.cpp:439 (ScriptMain)] STATUS: Selected=2 MemGear=1 Next=1 PedalClutch=0.000 ClutchKey=0 DriveCoupling=1.000 ClutchCandidateRO=0.524 InputThrottle=1.000 Brake=0.000 NativeRPM=0.532 SpeedKmH=1.8 SignedMps=0.51 | TCS=0.00 ABS=0.00 | Sig=0 Rev=0
[2026-07-25 22:18:15.614] [INFO   ] [GEAR   ] [MainScript.cpp:439 (ScriptMain)] STATUS: Selected=2 MemGear=1 Next=1 PedalClutch=0.000 ClutchKey=0 DriveCoupling=1.000 ClutchCandidateRO=0.917 InputThrottle=1.000 Brake=0.000 NativeRPM=0.908 SpeedKmH=8.6 SignedMps=2.39 | TCS=0.00 ABS=0.00 | Sig=0 Rev=0
[2026-07-25 22:18:16.642] [INFO   ] [GEAR   ] [MainScript.cpp:439 (ScriptMain)] STATUS: Selected=2 MemGear=2 Next=1 PedalClutch=0.000 ClutchKey=0 DriveCoupling=1.000 ClutchCandidateRO=0.926 InputThrottle=1.000 Brake=0.000 NativeRPM=0.938 SpeedKmH=17.8 SignedMps=4.95 | TCS=0.00 ABS=0.00 | Sig=0 Rev=0
[2026-07-25 22:18:17.652] [INFO   ] [GEAR   ] [MainScript.cpp:439 (ScriptMain)] STATUS: Selected=2 MemGear=2 Next=2 PedalClutch=0.000 ClutchKey=0 DriveCoupling=1.000 ClutchCandidateRO=0.612 InputThrottle=0.000 Brake=0.000 NativeRPM=0.595 SpeedKmH=18.6 SignedMps=5.17 | TCS=0.00 ABS=0.00 | Sig=0 Rev=0
